[Thu Jul 23 04:00:04 BST 2026] Resume v2 remeasurement starting
PM L1 SS already 0x03; measuring only
[04:00:05] Wait for SSH, guests, then 2x consecutive idle checks (load < 1.0, no ZFS maintenance; 30s apart)...
[04:00:07] Idle check: zrepl backup_to_purple Replication active
[04:00:38] Idle check: zrepl backup_to_purple Replication active
[04:01:09] Idle check: zrepl backup_to_purple Replication active
[04:01:40] Idle check: zrepl backup_to_purple Replication active
[04:02:10] Idle check: zrepl backup_to_purple Replication active
[04:02:41] Idle check: zrepl backup_to_purple Replication active
[04:03:12] Idle check: zrepl backup_to_purple Replication active
[04:03:43] Idle check: zrepl backup_to_purple Replication active
[04:04:14] Idle check: zrepl backup_to_purple Replication active
[04:04:45] Idle check: zrepl backup_to_purple Replication active
[04:05:16] Idle check: zrepl backup_to_purple Replication active
[04:05:46] Idle check: zrepl backup_to_purple Replication active
[04:06:17] Idle check: zrepl backup_to_purple Replication active
[04:06:48] Idle check: zrepl backup_to_purple Replication active
[04:07:19] Idle check: zrepl backup_to_purple Replication active
[04:07:50] Idle check: zrepl backup_to_purple Replication active
[04:08:20] Idle check: zrepl backup_to_purple Replication active
[04:08:51] Idle check: zrepl backup_to_purple Replication active
[04:09:22] Idle check: zrepl backup_to_purple Replication active
[04:09:53] Idle check: zrepl backup_to_purple Replication active
[04:10:23] Idle check: zrepl backup_to_purple Replication active
[04:10:54] Idle check: zrepl backup_to_purple Replication active
[04:11:25] Idle check: zrepl backup_to_purple Replication active
[04:11:56] Idle check: zrepl backup_to_purple Replication active
[04:12:27] Idle check: zrepl backup_to_purple Replication active
[04:12:58] Idle check: zrepl backup_to_purple Replication active
[04:13:28] Idle check: zrepl backup_to_purple Replication active
[04:13:59] Idle check: zrepl backup_to_purple Replication active
[04:14:30] Idle check: zrepl backup_to_purple Replication active
[04:15:01] Idle check: zrepl backup_to_purple Replication active
[04:15:32] Idle check: zrepl backup_to_purple Replication active
[04:16:03] Idle check: zrepl backup_to_purple Replication active
[04:16:33] Idle check: zrepl backup_to_purple Replication active
[04:17:04] Idle check: zrepl backup_to_purple Replication active
[04:17:35] Idle check: zrepl backup_to_purple Replication active
[04:18:06] Idle check: zrepl backup_to_purple Replication active
[04:18:37] Idle check: zrepl backup_to_purple Replication active
[04:19:08] Idle check: zrepl backup_to_purple Replication active
[04:19:38] Idle check: zrepl backup_to_purple Replication active
[04:20:09] Idle check: zrepl backup_to_purple Replication active
[04:20:40] Idle check: zrepl backup_to_purple Replication active
[04:21:11] Idle check: zrepl backup_to_purple Replication active
[04:21:42] Idle check: zrepl backup_to_purple Replication active
[04:22:13] Idle check: zrepl backup_to_purple Replication active
[04:22:43] Idle check: zrepl backup_to_purple Replication active
[04:23:14] Idle check: zrepl backup_to_purple Replication active
[04:23:45] Idle check: zrepl backup_to_purple Replication active
[04:24:16] Idle check: zrepl backup_to_purple Replication active
[04:24:47] Idle check: zrepl backup_to_purple Replication active
[04:25:18] Idle check: zrepl backup_to_purple Replication active
[04:25:48] Idle check: zrepl backup_to_purple Replication active
[04:26:19] Idle check: zrepl backup_to_purple Replication active
[04:26:50] Idle check: load=1.10 (need < 1.0)
[04:27:20] Idle check: zrepl backup_to_purple Replication active
[04:27:51] Idle check: zrepl backup_to_purple Replication active
[04:28:22] Idle check: zrepl backup_to_purple Replication active
[04:28:53] Idle check: zrepl backup_to_purple Replication active
[04:29:24] Idle check: zrepl backup_to_purple Replication active
[04:29:55] Idle check: zrepl backup_to_purple Replication active
[04:30:26] Idle check: zrepl backup_to_purple Replication active
[04:30:56] Idle check: zrepl backup_to_purple Replication active
[04:31:27] Idle check: zrepl backup_to_purple Replication active
[04:31:58] Idle check: zrepl backup_to_purple Replication active
[04:32:29] Idle check: zrepl backup_to_purple Replication active
[04:33:00] Idle check: zrepl backup_to_purple Replication active
[04:33:30] Idle check: zrepl backup_to_purple Replication active
[04:34:01] Idle check: zrepl backup_to_purple Replication active
[04:34:32] Idle check: zrepl backup_to_purple Replication active
[04:35:03] Idle check: zrepl backup_to_purple Replication active
[04:35:34] Idle check: zrepl backup_to_purple Replication active
[04:36:05] Idle check: zrepl backup_to_purple Replication active
[04:36:35] Idle check: zrepl backup_to_purple Replication active
[04:37:06] Idle check: zrepl backup_to_purple Replication active
[04:37:37] Idle check: zrepl backup_to_purple Replication active
[04:38:08] Idle check: zrepl backup_to_purple Replication active
[04:38:39] Idle check: zrepl backup_to_purple Replication active
[04:39:10] Idle check: zrepl backup_to_purple Replication active
[04:39:40] Idle check: zrepl backup_to_purple Replication active
[04:40:11] Idle check: zrepl backup_to_purple Replication active
[04:40:42] Idle check: zrepl backup_to_purple Replication active
[04:41:13] Idle check: zrepl backup_to_purple Replication active
[04:41:44] Idle check: zrepl backup_to_purple Replication active
[04:42:14] Idle check: zrepl backup_to_purple Replication active
[04:42:45] Idle check: zrepl backup_to_purple Replication active
[04:43:16] Idle check: zrepl backup_to_purple Replication active
[04:43:47] Idle check: zrepl backup_to_purple Replication active
[04:44:18] Idle check: zrepl backup_to_purple Replication active
[04:44:48] Idle check: zrepl backup_to_purple Replication active
[04:45:19] Idle check: zrepl backup_to_purple Replication active
[04:45:50] Idle check: zrepl backup_to_purple Replication active
[04:46:21] Idle check: zrepl backup_to_purple Replication active
[04:46:52] Idle check: zrepl backup_to_purple Replication active
[04:47:23] Idle check: zrepl backup_to_purple Replication active
[04:47:53] Idle check: zrepl backup_to_purple Replication active
[04:48:24] Idle check: zrepl backup_to_purple Replication active
[04:48:55] Idle check: zrepl backup_to_purple Replication active
[04:49:26] Idle check: zrepl backup_to_purple Replication active
[04:49:57] Idle check: zrepl backup_to_purple Replication active
[04:50:27] Idle check: zrepl backup_to_purple Replication active
[04:50:58] Idle check: zrepl backup_to_purple Replication active
[04:51:29] Idle check: zrepl backup_to_purple Replication active
[04:52:00] Idle check: zrepl backup_to_purple Replication active
[04:52:31] Idle check: zrepl backup_to_purple Replication active
[04:53:01] Idle check: zrepl backup_to_purple Replication active
[04:53:32] Idle check: zrepl backup_to_purple Replication active
[04:54:03] Idle check: zrepl backup_to_purple Replication active
[04:54:34] Idle check: zrepl backup_to_purple Replication active
[04:55:05] Idle check: zrepl backup_to_purple Replication active
[04:55:36] Idle check: zrepl backup_to_purple Replication active
[04:56:06] Idle check: zrepl backup_to_purple Replication active
[04:56:37] Idle check: zrepl backup_to_purple Replication active
[04:57:08] Idle check: zrepl backup_to_purple Replication active
[04:57:39] Idle check: zrepl backup_to_purple Replication active
[04:58:10] Idle check: zrepl backup_to_purple Replication active
[04:58:40] Idle check: zrepl backup_to_purple Replication active
[04:59:11] Idle check: zrepl backup_to_purple Replication active
[04:59:42] Idle check: zrepl backup_to_purple Replication active
[05:00:13] Idle check: zrepl backup_to_purple Replication active
[05:00:44] Idle check: zrepl backup_to_purple Replication active
[05:01:14] Idle check: zrepl backup_to_purple Replication active
[05:01:45] Idle check: zrepl backup_to_purple Replication active
[05:02:16] Idle check: zrepl backup_to_purple Replication active
[05:02:47] Idle check: zrepl backup_to_purple Replication active
[05:03:18] Idle check: zrepl backup_to_purple Replication active
[05:03:49] Idle check: zrepl backup_to_purple Replication active
[05:04:19] Idle check: zrepl backup_to_purple Replication active
[05:04:50] Idle check: zrepl backup_to_purple Replication active
[05:05:21] Idle check: zrepl backup_to_purple Replication active
[05:05:52] Idle check: zrepl backup_to_purple Replication active
[05:06:23] Idle check: zrepl backup_to_purple Replication active
[05:06:54] Idle check: zrepl backup_to_purple Replication active
[05:07:24] Idle check: zrepl backup_to_purple Replication active
[05:07:55] Idle check: zrepl backup_to_purple Replication active
[05:08:26] Idle check: zrepl backup_to_purple Replication active
[05:08:57] Idle check: zrepl backup_to_purple Replication active
[05:09:28] Idle check: zrepl backup_to_purple Replication active
[05:09:58] Idle check: zrepl backup_to_purple Replication active
[05:10:29] Idle check: zrepl backup_to_purple Replication active
[05:11:00] Idle check: zrepl backup_to_purple Replication active
[05:11:31] Idle check: zrepl backup_to_purple Replication active
[05:12:02] Idle check: zrepl backup_to_purple Replication active
[05:12:32] Idle check: zrepl backup_to_purple Replication active
[05:13:03] Idle check: zrepl backup_to_purple Replication active
[05:13:34] Idle check: zrepl backup_to_purple Replication active
[05:14:05] Idle check: zrepl backup_to_purple Replication active
[05:14:36] Idle check: zrepl backup_to_purple Replication active
[05:15:06] Idle check: zrepl backup_to_purple Replication active
[05:15:37] Idle check: zrepl backup_to_purple Replication active
[05:16:08] Idle check: zrepl backup_to_purple Replication active
[05:16:39] Idle check: zrepl backup_to_purple Replication active
[05:17:10] Idle check: zrepl backup_to_purple Replication active
[05:17:41] Idle check: zrepl backup_to_purple Replication active
[05:18:11] Idle check: zrepl backup_to_purple Replication active
[05:18:42] Idle check: zrepl backup_to_purple Replication active
[05:19:13] Idle check: zrepl backup_to_purple Replication active
[05:19:44] Idle check: zrepl backup_to_purple Replication active
[05:20:15] Idle check: zrepl backup_to_purple Replication active
[05:20:46] Idle check: zrepl backup_to_purple Replication active
[05:21:16] Idle check: zrepl backup_to_purple Replication active
[05:21:47] Idle check: zrepl backup_to_purple Replication active
[05:22:18] Idle check: zrepl backup_to_purple Replication active
[05:22:49] Idle check: zrepl backup_to_purple Replication active
[05:23:20] Idle check: zrepl backup_to_purple Replication active
[05:23:50] Idle check: zrepl backup_to_purple Replication active
[05:24:21] Idle check: zrepl backup_to_purple Replication active
[05:24:52] Idle check: zrepl backup_to_purple Replication active
[05:25:23] Idle check: zrepl backup_to_purple Replication active
[05:25:54] Idle check: zrepl backup_to_purple Replication active
[05:26:25] Idle check: zrepl backup_to_purple Replication active
[05:26:55] Idle check: zrepl backup_to_purple Replication active
[05:27:26] Idle check: zrepl backup_to_purple Replication active
[05:27:57] Idle check: zrepl backup_to_purple Replication active
[05:28:28] Idle check: zrepl backup_to_purple Replication active
[05:28:59] Idle check: zrepl backup_to_purple Replication active
[05:29:29] Idle check: zrepl backup_to_purple Replication active
[05:30:00] Idle check: zrepl backup_to_purple Replication active
[05:30:31] Idle check: zrepl backup_to_purple Replication active
[05:31:02] Idle check: zrepl backup_to_purple Replication active
[05:31:33] Idle check: zrepl backup_to_purple Replication active
[05:32:03] Idle check: zrepl backup_to_purple Replication active
[05:32:34] Idle check: zrepl backup_to_purple Replication active
[05:33:05] Idle check: zrepl backup_to_purple Replication active
[05:33:36] Idle check: zrepl backup_to_purple Replication active
[05:34:07] Idle check: zrepl backup_to_purple Replication active
[05:34:37] Idle check: zrepl backup_to_purple Replication active
[05:35:08] Idle check: zrepl backup_to_purple Replication active
[05:35:39] Idle check: zrepl backup_to_purple Replication active
[05:36:10] Idle check: zrepl backup_to_purple Replication active
[05:36:41] Idle check: zrepl backup_to_purple Replication active
[05:37:11] Idle check: zrepl backup_to_purple Replication active
[05:37:42] Idle check: zrepl backup_to_purple Replication active
[05:38:13] Idle check: zrepl backup_to_purple Replication active
[05:38:44] Idle check: zrepl backup_to_purple Replication active
[05:39:15] Idle check: zrepl backup_to_purple Replication active
[05:39:46] Idle check: zrepl backup_to_purple Replication active
[05:40:16] Idle check: zrepl backup_to_purple Replication active
[05:40:47] Idle check: zrepl backup_to_purple Replication active
[05:41:18] Idle check: zrepl backup_to_purple Replication active
[05:41:49] Idle check: zrepl backup_to_purple Replication active
[05:42:20] Idle check: zrepl backup_to_purple Replication active
[05:42:50] Idle check: zrepl backup_to_purple Replication active
[05:43:21] Idle check: zrepl backup_to_purple Replication active
[05:43:52] Idle check: zrepl backup_to_purple Replication active
[05:44:23] Idle check: zrepl backup_to_purple Replication active
[05:44:54] Idle check: zrepl backup_to_purple Replication active
[05:45:24] Idle check: zrepl backup_to_purple Replication active
[05:45:55] Idle check: zrepl backup_to_purple Replication active
[05:46:26] Idle check: zrepl backup_to_purple Replication active
[05:46:57] Idle check: zrepl backup_to_purple Replication active
[05:47:28] Idle check: zrepl backup_to_purple Replication active
[05:47:59] Idle check: zrepl backup_to_purple Replication active
[05:48:29] Idle check: zrepl backup_to_purple Replication active
[05:49:00] Idle check: zrepl backup_to_purple Replication active
[05:49:31] Idle check: zrepl backup_to_purple Replication active
[05:50:02] Idle check: zrepl backup_to_purple Replication active
[05:50:33] Idle check: zrepl backup_to_purple Replication active
[05:51:03] Idle check: zrepl backup_to_purple Replication active
[05:51:34] Idle check: zrepl backup_to_purple Replication active
[05:52:05] Idle check: zrepl backup_to_purple Replication active
[05:52:36] Idle check: zrepl backup_to_purple Replication active
[05:53:07] Idle check: zrepl backup_to_purple Replication active
[05:53:37] Idle check: zrepl backup_to_purple Replication active
[05:54:08] Idle check: zrepl backup_to_purple Replication active
[05:54:39] Idle check: zrepl backup_to_purple Replication active
[05:55:10] Idle check: zrepl backup_to_purple Replication active
[05:55:41] Idle check: zrepl backup_to_purple Replication active
[05:56:12] Idle check: zrepl backup_to_purple Replication active
[05:56:42] Idle check: zrepl backup_to_purple Replication active
[05:57:13] Idle check: zrepl backup_to_purple Replication active
[05:57:44] Idle check: zrepl backup_to_purple Replication active
[05:58:15] Idle check: zrepl backup_to_purple Replication active
[05:58:46] Idle check: zrepl backup_to_purple Replication active
[05:59:16] Idle check: zrepl backup_to_purple Replication active
[05:59:47] Idle check: zrepl backup_to_purple Replication active
[06:00:18] Idle check: zrepl backup_to_purple Replication active
[06:00:49] Idle check: zrepl backup_to_purple Replication active
[06:01:20] Idle check: zrepl backup_to_purple Replication active
[06:01:50] Idle check: zrepl backup_to_purple Replication active
[06:02:21] Idle check: zrepl backup_to_purple Replication active
[06:02:52] Idle check: zrepl backup_to_purple Replication active
[06:03:23] Idle check: zrepl backup_to_purple Replication active
[06:03:54] Idle check: zrepl backup_to_purple Replication active
[06:04:25] Idle check: zrepl backup_to_purple Replication active
[06:04:55] Idle check: zrepl backup_to_purple Replication active
[06:05:26] Idle check: zrepl backup_to_purple Replication active
[06:05:57] Idle check: zrepl backup_to_purple Replication active
[06:06:28] Idle check: zrepl backup_to_purple Replication active
[06:06:59] Idle check: zrepl backup_to_purple Replication active
[06:07:29] Idle check: zrepl backup_to_purple Replication active
[06:08:00] Idle check: zrepl backup_to_purple Replication active
[06:08:31] Idle check: zrepl backup_to_purple Replication active
[06:09:02] Idle check: zrepl backup_to_purple Replication active
[06:09:33] Idle check: zrepl backup_to_purple Replication active
[06:10:03] Idle check: zrepl backup_to_purple Replication active
[06:10:34] Idle check: zrepl backup_to_purple Replication active
[06:11:05] Idle check: zrepl backup_to_purple Replication active
[06:11:36] Idle check: zrepl backup_to_purple Replication active
[06:12:07] Idle check: zrepl backup_to_purple Replication active
[06:12:38] Idle check: zrepl backup_to_purple Replication active
[06:13:08] Idle check: zrepl backup_to_purple Replication active
[06:13:39] Idle check: zrepl backup_to_purple Replication active
[06:14:10] Idle check: zrepl backup_to_purple Replication active
[06:14:41] Idle check: zrepl backup_to_purple Replication active
[06:15:12] Idle check: zrepl backup_to_purple Replication active
[06:15:42] Idle check: zrepl backup_to_purple Replication active
[06:16:13] Idle check: zrepl backup_to_purple Replication active
[06:16:44] Idle check: zrepl backup_to_purple Replication active
[06:17:15] Idle check: zrepl backup_to_purple Replication active
[06:17:46] Idle check: zrepl backup_to_purple Replication active
[06:18:16] Idle check: zrepl backup_to_purple Replication active
[06:18:47] Idle check: zrepl backup_to_purple Replication active
[06:19:18] Idle check: zrepl backup_to_purple Replication active
[06:19:49] Idle check: zrepl backup_to_purple Replication active
[06:20:20] Idle check: zrepl backup_to_purple Replication active
[06:20:50] Idle check: zrepl backup_to_purple Replication active
[06:21:21] Idle check: zrepl backup_to_purple Replication active
[06:21:52] Idle check: zrepl backup_to_purple Replication active
[06:22:23] Idle check: zrepl backup_to_purple Replication active
[06:22:54] Idle check: zrepl backup_to_purple Replication active
[06:23:25] Idle check: zrepl backup_to_purple Replication active
[06:23:55] Idle check: zrepl backup_to_purple Replication active
[06:24:26] Idle check: zrepl backup_to_purple Replication active
[06:24:57] Idle check: zrepl backup_to_purple Replication active
[06:25:28] Idle check: zrepl backup_to_purple Replication active
[06:25:59] Idle check: zrepl backup_to_purple Replication active
[06:26:29] Idle check: zrepl backup_to_purple Replication active
[06:27:00] Idle check: zrepl backup_to_purple Replication active
[06:27:31] Idle check: zrepl backup_to_purple Replication active
[06:28:02] Idle check: zrepl backup_to_purple Replication active
[06:28:33] Idle check: zrepl backup_to_purple Replication active
[06:29:03] Idle check: zrepl backup_to_purple Replication active
[06:29:34] Idle check: zrepl backup_to_purple Replication active
[06:30:05] Idle check: zrepl backup_to_purple Replication active
[06:30:36] Idle check: zrepl backup_to_purple Replication active
[06:31:07] Idle check: zrepl backup_to_purple Replication active
[06:31:38] Idle check: zrepl backup_to_purple Replication active
[06:32:08] Idle check: zrepl backup_to_purple Replication active
[06:32:39] Idle check: zrepl backup_to_purple Replication active
[06:33:10] Idle check: zrepl backup_to_purple Replication active
[06:33:41] Idle check: zrepl backup_to_purple Replication active
[06:34:12] Idle check: zrepl backup_to_purple Replication active
[06:34:42] Idle check: zrepl backup_to_purple Replication active
[06:35:13] Idle check: zrepl backup_to_purple Replication active
[06:35:44] Idle check: zrepl backup_to_purple Replication active
[06:36:15] Idle check: zrepl backup_to_purple Replication active
[06:36:46] Idle check: zrepl backup_to_purple Replication active
[06:37:17] Idle check: zrepl backup_to_purple Replication active
[06:37:47] Idle check: zrepl backup_to_purple Replication active
[06:38:18] Idle check: zrepl backup_to_purple Replication active
[06:38:49] Idle check: zrepl backup_to_purple Replication active
[06:39:20] Idle check: zrepl backup_to_purple Replication active
[06:39:51] Idle check: zrepl backup_to_purple Replication active
[06:40:21] Idle check: zrepl backup_to_purple Replication active
[06:40:52] Idle check: zrepl backup_to_purple Replication active
[06:41:23] Idle check: zrepl backup_to_purple Replication active
[06:41:54] Idle check: zrepl backup_to_purple Replication active
[06:42:25] Idle check: zrepl backup_to_purple Replication active
[06:42:56] Idle check: zrepl backup_to_purple Replication active
[06:43:26] Idle check: zrepl backup_to_purple Replication active
[06:43:57] Idle check: zrepl backup_to_purple Replication active
[06:44:28] Idle check: zrepl backup_to_purple Replication active
[06:44:59] Idle check: zrepl backup_to_purple Replication active
[06:45:30] Idle check: zrepl backup_to_purple Replication active
[06:46:00] Idle check: zrepl backup_to_purple Replication active
[06:46:31] Idle check: zrepl backup_to_purple Replication active
[06:47:02] Idle check: zrepl backup_to_purple Replication active
[06:47:33] Idle check: zrepl backup_to_purple Replication active
[06:48:04] Idle check: zrepl backup_to_purple Replication active
[06:48:34] Idle check: zrepl backup_to_purple Replication active
[06:49:05] Idle check: zrepl backup_to_purple Replication active
[06:49:36] Idle check: zrepl backup_to_purple Replication active
[06:50:07] Idle check: zrepl backup_to_purple Replication active
[06:50:37] Idle check: load=1.14 (need < 1.0)
[06:51:08] Idle check: load=1.07 (need < 1.0)
[06:51:39] Idle check: zrepl backup_to_purple Replication active
[06:52:09] Idle check: zrepl backup_to_purple Replication active
[06:52:40] Idle check: zrepl backup_to_purple Replication active
[06:53:11] Idle check: zrepl backup_to_purple Replication active
[06:53:42] Idle check: zrepl backup_to_purple Replication active
[06:54:13] Idle check: zrepl backup_to_purple Replication active
[06:54:43] Idle check: zrepl backup_to_purple Replication active
[06:55:14] Idle check: zrepl backup_to_purple Replication active
[06:55:45] Idle check: zrepl backup_to_purple Replication active
[06:56:16] Idle check: zrepl backup_to_purple Replication active
[06:56:47] Idle check: zrepl backup_to_purple Replication active
[06:57:17] Idle check: zrepl backup_to_purple Replication active
[06:57:48] Idle check: zrepl backup_to_purple Replication active
[06:58:19] Idle check: zrepl backup_to_purple Replication active
[06:58:50] Idle check: zrepl backup_to_purple Replication active
[06:59:21] Idle check: zrepl backup_to_purple Replication active
[06:59:51] Idle check: zrepl backup_to_purple Replication active
[07:00:22] Idle check: zrepl backup_to_purple Replication active
[07:00:53] Idle check: zrepl backup_to_purple Replication active
[07:01:24] Idle check: zrepl backup_to_purple Replication active
[07:01:55] Idle check: zrepl backup_to_purple Replication active
[07:02:25] Idle check: zrepl backup_to_purple Replication active
[07:02:56] Idle check: zrepl backup_to_purple Replication active
[07:03:27] Idle check: zrepl backup_to_purple Replication active
[07:03:58] Idle check: zrepl backup_to_purple Replication active
[07:04:29] Idle check: zrepl backup_to_purple Replication active
[07:05:00] Idle check: zrepl backup_to_purple Replication active
[07:05:30] Idle check: zrepl backup_to_purple Replication active
[07:06:01] Idle check: zrepl backup_to_purple Replication active
[07:06:32] Idle check: zrepl backup_to_purple Replication active
[07:07:03] Idle check: zrepl backup_to_purple Replication active
[07:07:34] Idle check: zrepl backup_to_purple Replication active
[07:08:04] Idle check: zrepl backup_to_purple Replication active
[07:08:35] Idle check: zrepl backup_to_purple Replication active
[07:09:06] Idle check: zrepl backup_to_purple Replication active
[07:09:37] Idle check: zrepl backup_to_purple Replication active
[07:10:08] Idle check: zrepl backup_to_purple Replication active
[07:10:38] Idle check: zrepl backup_to_purple Replication active
[07:11:09] Idle check: zrepl backup_to_purple Replication active
[07:11:40] Idle check: zrepl backup_to_purple Replication active
[07:12:11] Idle check: zrepl backup_to_purple Replication active
[07:12:42] Idle check: zrepl backup_to_purple Replication active
[07:13:12] Idle check: zrepl backup_to_purple Replication active
[07:13:43] Idle check: zrepl backup_to_purple Replication active
[07:14:14] Idle check: zrepl backup_to_purple Replication active
[07:14:45] Idle check: zrepl backup_to_purple Replication active
[07:15:16] Idle check: zrepl backup_to_purple Replication active
[07:15:46] Idle check: zrepl backup_to_purple Replication active
[07:16:17] Idle check: zrepl backup_to_purple Replication active
[07:16:48] Idle check: zrepl backup_to_purple Replication active
[07:17:19] Idle check: zrepl backup_to_purple Replication active
[07:17:50] Idle check: zrepl backup_to_purple Replication active
[07:18:21] Idle check: zrepl backup_to_purple Replication active
[07:18:51] Idle check: zrepl backup_to_purple Replication active
[07:19:22] Idle check: zrepl backup_to_purple Replication active
[07:19:53] Idle check: zrepl backup_to_purple Replication active
[07:20:24] Idle check: zrepl backup_to_purple Replication active
[07:20:55] Idle check: zrepl backup_to_purple Replication active
[07:21:26] Idle check: zrepl backup_to_purple Replication active
[07:21:56] Idle check: zrepl backup_to_purple Replication active
[07:22:27] Idle check: zrepl backup_to_purple Replication active
[07:22:58] Idle check: zrepl backup_to_purple Replication active
[07:23:29] Idle check: zrepl backup_to_purple Replication active
[07:24:00] Idle check: zrepl backup_to_purple Replication active
[07:24:30] Idle check: zrepl backup_to_purple Replication active
[07:25:01] Idle check: zrepl backup_to_purple Replication active
[07:25:32] Idle check: zrepl backup_to_purple Replication active
[07:26:03] Idle check: zrepl backup_to_purple Replication active
[07:26:34] Idle check: zrepl backup_to_purple Replication active
[07:27:04] Idle check: zrepl backup_to_purple Replication active
[07:27:35] Idle check: zrepl backup_to_purple Replication active
[07:28:06] Idle check: zrepl backup_to_purple Replication active
[07:28:37] Idle check: zrepl backup_to_purple Replication active
[07:29:08] Idle check: zrepl backup_to_purple Replication active
[07:29:39] Idle check: zrepl backup_to_purple Replication active
[07:30:09] Idle check: zrepl backup_to_purple Replication active
[07:30:40] Idle check: zrepl backup_to_purple Replication active
[07:31:11] Idle check: zrepl backup_to_purple Replication active
[07:31:42] Idle check: zrepl backup_to_purple Replication active
[07:32:13] Idle check: zrepl backup_to_purple Replication active
[07:32:43] Idle check: zrepl backup_to_purple Replication active
[07:33:14] Idle check: zrepl backup_to_purple Replication active
[07:33:45] Idle check: zrepl backup_to_purple Replication active
[07:34:16] Idle check: zrepl backup_to_purple Replication active
[07:34:47] Idle check: zrepl backup_to_purple Replication active
[07:35:17] Idle check: zrepl backup_to_purple Replication active
[07:35:48] Idle check: zrepl backup_to_purple Replication active
[07:36:19] Idle check: zrepl backup_to_purple Replication active
[07:36:50] Idle check: zrepl backup_to_purple Replication active
[07:37:21] Idle check: zrepl backup_to_purple Replication active
[07:37:51] Idle check: zrepl backup_to_purple Replication active
[07:38:22] Idle check: zrepl backup_to_purple Replication active
[07:38:53] Idle check: zrepl backup_to_purple Replication active
[07:39:24] Idle check: zrepl backup_to_purple Replication active
[07:39:55] Idle check: zrepl backup_to_purple Replication active
[07:40:25] Idle check: zrepl backup_to_purple Replication active
[07:40:56] Idle check: zrepl backup_to_purple Replication active
[07:41:27] Idle check: zrepl backup_to_purple Replication active
[07:41:58] Idle check: zrepl backup_to_purple Replication active
[07:42:29] Idle check: zrepl backup_to_purple Replication active
[07:43:00] Idle check: zrepl backup_to_purple Replication active
[07:43:30] Idle check: zrepl backup_to_purple Replication active
[07:44:01] Idle check: zrepl backup_to_purple Replication active
[07:44:32] Idle check: zrepl backup_to_purple Replication active
[07:45:03] Idle check: zrepl backup_to_purple Replication active
[07:45:34] Idle check: zrepl backup_to_purple Replication active
[07:46:04] Idle check: zrepl backup_to_purple Replication active
[07:46:35] Idle check: zrepl backup_to_purple Replication active
[07:47:06] Idle check: zrepl backup_to_purple Replication active
[07:47:37] Idle check: zrepl backup_to_purple Replication active
[07:48:08] Idle check: zrepl backup_to_purple Replication active
[07:48:38] Idle check: zrepl backup_to_purple Replication active
[07:49:09] Idle check: zrepl backup_to_purple Replication active
[07:49:40] Idle check: zrepl backup_to_purple Replication active
[07:50:11] Idle check: zrepl backup_to_purple Replication active
[07:50:42] Idle check: zrepl backup_to_purple Replication active
[07:51:12] Idle check: zrepl backup_to_purple Replication active
[07:51:43] Idle check: zrepl backup_to_purple Replication active
[07:52:14] Idle check: zrepl backup_to_purple Replication active
[07:52:45] Idle check: zrepl backup_to_purple Replication active
[07:53:16] Idle check: zrepl backup_to_purple Replication active
[07:53:46] Idle check: zrepl backup_to_purple Replication active
[07:54:17] Idle check: zrepl backup_to_purple Replication active
[07:54:48] Idle check: zrepl backup_to_purple Replication active
[07:55:19] Idle check: zrepl backup_to_purple Replication active
[07:55:50] Idle check: zrepl backup_to_purple Replication active
[07:56:20] Idle check: zrepl backup_to_purple Replication active
[07:56:51] Idle check: zrepl backup_to_purple Replication active
[07:57:22] Idle check: zrepl backup_to_purple Replication active
[07:57:53] Idle check: zrepl backup_to_purple Replication active
[07:58:24] Idle check: zrepl backup_to_purple Replication active
[07:58:55] Idle check: zrepl backup_to_purple Replication active
[07:59:25] Idle check: zrepl backup_to_purple Replication active
[07:59:56] Idle check: zrepl backup_to_purple Replication active
[08:00:27] Idle check: zrepl backup_to_purple Replication active
[08:00:58] Idle check: zrepl backup_to_purple Replication active
[08:01:29] Idle check: zrepl backup_to_purple Replication active
[08:01:59] Idle check: zrepl backup_to_purple Replication active
[08:02:30] Idle check: zrepl backup_to_purple Replication active
[08:03:01] Idle check: zrepl backup_to_purple Replication active
[08:03:32] Idle check: zrepl backup_to_purple Replication active
[08:04:03] Idle check: zrepl backup_to_purple Replication active
[08:04:34] Idle check: zrepl backup_to_purple Replication active
[08:05:04] Idle check: zrepl backup_to_purple Replication active
[08:05:35] Idle check: zrepl backup_to_purple Replication active
[08:06:06] Idle check: zrepl backup_to_purple Replication active
[08:06:37] Idle check: zrepl backup_to_purple Replication active
[08:07:08] Idle check: zrepl backup_to_purple Replication active
[08:07:39] Idle check: zrepl backup_to_purple Replication active
[08:08:09] Idle check: zrepl backup_to_purple Replication active
[08:08:40] Idle check: zrepl backup_to_purple Replication active
[08:09:11] Idle check: zrepl backup_to_purple Replication active
[08:09:42] Idle check: zrepl backup_to_purple Replication active
[08:10:13] Idle check: zrepl backup_to_purple Replication active
[08:10:43] Idle check: zrepl backup_to_purple Replication active
[08:11:14] Idle check: zrepl backup_to_purple Replication active
[08:11:45] Idle check: zrepl backup_to_purple Replication active
[08:12:16] Idle check: zrepl backup_to_purple Replication active
[08:12:47] Idle check: zrepl backup_to_purple Replication active
[08:13:17] Idle check: zrepl backup_to_purple Replication active
[08:13:48] Idle check: zrepl backup_to_purple Replication active
[08:14:19] Idle check: zrepl backup_to_purple Replication active
[08:14:50] Idle check: zrepl backup_to_purple Replication active
[08:15:21] Idle check: zrepl backup_to_purple Replication active
[08:15:52] Idle check: zrepl backup_to_purple Replication active
[08:16:22] Idle check: zrepl backup_to_purple Replication active
[08:16:53] Idle check: zrepl backup_to_purple Replication active
[08:17:24] Idle check: zrepl backup_to_purple Replication active
[08:17:55] Idle check: zrepl backup_to_purple Replication active
[08:18:26] Idle check: zrepl backup_to_purple Replication active
[08:18:56] Idle check: zrepl backup_to_purple Replication active
[08:19:27] Idle check: zrepl backup_to_purple Replication active
[08:19:58] Idle check: zrepl backup_to_purple Replication active
[08:20:29] Idle check: zrepl backup_to_purple Replication active
[08:21:00] Idle check: zrepl backup_to_purple Replication active
[08:21:30] Idle check: zrepl backup_to_purple Replication active
[08:22:01] Idle check: zrepl backup_to_purple Replication active
[08:22:32] Idle check: zrepl backup_to_purple Replication active
[08:23:03] Idle check: zrepl backup_to_purple Replication active
[08:23:34] Idle check: zrepl backup_to_purple Replication active
[08:24:05] Idle check: zrepl backup_to_purple Replication active
[08:24:35] Idle check: zrepl backup_to_purple Replication active
[08:25:06] Idle check: zrepl backup_to_purple Replication active
[08:25:37] Idle check: zrepl backup_to_purple Replication active
[08:26:08] Idle check: zrepl backup_to_purple Replication active
[08:26:39] Idle check: zrepl backup_to_purple Replication active
[08:27:09] Idle check: zrepl backup_to_purple Replication active
[08:27:40] Idle check: zrepl backup_to_purple Replication active
[08:28:11] Idle check: zrepl backup_to_purple Replication active
[08:28:41] Idle check: load=1.09 (need < 1.0)
[08:29:12] Idle check: zrepl backup_to_purple Replication active
[08:29:43] Idle check: zrepl backup_to_purple Replication active
[08:30:14] Idle check: zrepl backup_to_purple Replication active
[08:30:45] Idle check: zrepl backup_to_purple Replication active
[08:31:16] Idle check: zrepl backup_to_purple Replication active
[08:31:46] Idle check: zrepl backup_to_purple Replication active
[08:32:17] Idle check: zrepl backup_to_purple Replication active
[08:32:48] Idle check: zrepl backup_to_purple Replication active
[08:33:19] Idle check: zrepl backup_to_purple Replication active
[08:33:50] Idle check: zrepl backup_to_purple Replication active
[08:34:21] Idle check: zrepl backup_to_purple Replication active
[08:34:51] Idle check: zrepl backup_to_purple Replication active
[08:35:22] Idle check: zrepl backup_to_purple Replication active
[08:35:53] Idle check: zrepl backup_to_purple Replication active
[08:36:24] Idle check: zrepl backup_to_purple Replication active
[08:36:55] Idle check: zrepl backup_to_purple Replication active
[08:37:25] Idle check: zrepl backup_to_purple Replication active
[08:37:56] Idle check: zrepl backup_to_purple Replication active
[08:38:27] Idle check: zrepl backup_to_purple Replication active
[08:38:58] Idle check: zrepl backup_to_purple Replication active
[08:39:29] Idle check: zrepl backup_to_purple Replication active
[08:39:59] Idle check: zrepl backup_to_purple Replication active
[08:40:30] Idle check: zrepl backup_to_purple Replication active
[08:41:01] Idle check: zrepl backup_to_purple Replication active
[08:41:32] Idle check: zrepl backup_to_purple Replication active
[08:42:03] Idle check: zrepl backup_to_purple Replication active
[08:42:34] Idle check: zrepl backup_to_purple Replication active
[08:43:04] Idle check: zrepl backup_to_purple Replication active
[08:43:35] Idle check: zrepl backup_to_purple Replication active
[08:44:06] Idle check: zrepl backup_to_purple Replication active
[08:44:37] Idle check: zrepl backup_to_purple Replication active
[08:45:08] Idle check: zrepl backup_to_purple Replication active
[08:45:38] Idle check: zrepl backup_to_purple Replication active
[08:46:09] Idle check: zrepl backup_to_purple Replication active
[08:46:40] Idle check: zrepl backup_to_purple Replication active
[08:47:11] Idle check: zrepl backup_to_purple Replication active
[08:47:42] Idle check: zrepl backup_to_purple Replication active
[08:48:12] Idle check: zrepl backup_to_purple Replication active
[08:48:43] Idle check: zrepl backup_to_purple Replication active
[08:49:14] Idle check: zrepl backup_to_purple Replication active
[08:49:45] Idle check: zrepl backup_to_purple Replication active
[08:50:16] Idle check: zrepl backup_to_purple Replication active
[08:50:46] Idle check: zrepl backup_to_purple Replication active
[08:51:17] Idle check: zrepl backup_to_purple Replication active
[08:51:48] Idle check: zrepl backup_to_purple Replication active
[08:52:19] Idle check: zrepl backup_to_purple Replication active
[08:52:50] Idle check: zrepl backup_to_purple Replication active
[08:53:21] Idle check: zrepl backup_to_purple Replication active
[08:53:51] Idle check: zrepl backup_to_purple Replication active
[08:54:22] Idle check: zrepl backup_to_purple Replication active
[08:54:53] Idle check: zrepl backup_to_purple Replication active
[08:55:24] Idle check: zrepl backup_to_purple Replication active
[08:55:55] Idle check: zrepl backup_to_purple Replication active
[08:56:25] Idle check: zrepl backup_to_purple Replication active
[08:56:56] Idle check: zrepl backup_to_purple Replication active
[08:57:27] Idle check: zrepl backup_to_purple Replication active
[08:57:58] Idle check: zrepl backup_to_purple Replication active
[08:58:29] Idle check: zrepl backup_to_purple Replication active
[08:59:00] Idle check: zrepl backup_to_purple Replication active
[08:59:30] Idle check: zrepl backup_to_purple Replication active
[09:00:01] Idle check: zrepl backup_to_purple Replication active
[09:00:32] Idle check: zrepl backup_to_purple Replication active
[09:01:03] Idle check: zrepl backup_to_purple Replication active
[09:01:34] Idle check: zrepl backup_to_purple Replication active
[09:02:04] Idle check: zrepl backup_to_purple Replication active
[09:02:35] Idle check: zrepl backup_to_purple Replication active
[09:03:06] Idle check: zrepl backup_to_purple Replication active
[09:03:37] Idle check: zrepl backup_to_purple Replication active
[09:04:08] Idle check: zrepl backup_to_purple Replication active
[09:04:38] Idle check: zrepl backup_to_purple Replication active
[09:05:09] Idle check: zrepl backup_to_purple Replication active
[09:05:40] Idle check: zrepl backup_to_purple Replication active
[09:06:11] Idle check: zrepl backup_to_purple Replication active
[09:06:42] Idle check: zrepl backup_to_purple Replication active
[09:07:13] Idle check: zrepl backup_to_purple Replication active
[09:07:43] Idle check: zrepl backup_to_purple Replication active
[09:08:14] Idle check: zrepl backup_to_purple Replication active
[09:08:45] Idle check: zrepl backup_to_purple Replication active
[09:09:16] Idle check: zrepl backup_to_purple Replication active
[09:09:47] Idle check: zrepl backup_to_purple Replication active
[09:10:17] Idle check: zrepl backup_to_purple Replication active
[09:10:48] Idle check: zrepl backup_to_purple Replication active
[09:11:19] Idle check: zrepl backup_to_purple Replication active
[09:11:50] Idle check: zrepl backup_to_purple Replication active
[09:12:21] Idle check: zrepl backup_to_purple Replication active
[09:12:51] Idle check: zrepl backup_to_purple Replication active
[09:13:22] Idle check: zrepl backup_to_purple Replication active
[09:13:53] Idle check: zrepl backup_to_purple Replication active
[09:14:24] Idle check: zrepl backup_to_purple Replication active
[09:14:55] Idle check: zrepl backup_to_purple Replication active
[09:15:26] Idle check: zrepl backup_to_purple Replication active
[09:15:56] Idle check: zrepl backup_to_purple Replication active
[09:16:27] Idle check: zrepl backup_to_purple Replication active
[09:16:58] Idle check: zrepl backup_to_purple Replication active
[09:17:29] Idle check: zrepl backup_to_purple Replication active
[09:18:00] Idle check: zrepl backup_to_purple Replication active
[09:18:30] Idle check: zrepl backup_to_purple Replication active
[09:19:01] Idle check: zrepl backup_to_purple Replication active
[09:19:32] Idle check: zrepl backup_to_purple Replication active
[09:20:03] Idle check: zrepl backup_to_purple Replication active
[09:20:34] Idle check: zrepl backup_to_purple Replication active
[09:21:05] Idle check: zrepl backup_to_purple Replication active
[09:21:35] Idle check: zrepl backup_to_purple Replication active
[09:22:06] Idle check: zrepl backup_to_purple Replication active
[09:22:37] Idle check: zrepl backup_to_purple Replication active
[09:23:08] Idle check: zrepl backup_to_purple Replication active
[09:23:39] Idle check: zrepl backup_to_purple Replication active
[09:24:09] Idle check: zrepl backup_to_purple Replication active
[09:24:40] Idle check: zrepl backup_to_purple Replication active
[09:25:11] Idle check: zrepl backup_to_purple Replication active
[09:25:42] Idle check: zrepl backup_to_purple Replication active
[09:26:13] Idle check: zrepl backup_to_purple Replication active
[09:26:43] Idle check: zrepl backup_to_purple Replication active
[09:27:14] Idle check: zrepl backup_to_purple Replication active
[09:27:45] Idle check: zrepl backup_to_purple Replication active
[09:28:16] Idle check: zrepl backup_to_purple Replication active
[09:28:47] Idle check: zrepl backup_to_purple Replication active
[09:29:17] Idle check: zrepl backup_to_purple Replication active
[09:29:48] Idle check: zrepl backup_to_purple Replication active
[09:30:19] Idle check: zrepl backup_to_purple Replication active
[09:30:50] Idle check: zrepl backup_to_purple Replication active
[09:31:21] Idle check: zrepl backup_to_purple Replication active
[09:31:51] Idle check: zrepl backup_to_purple Replication active
[09:32:22] Idle check: zrepl backup_to_purple Replication active
[09:32:53] Idle check: zrepl backup_to_purple Replication active
[09:33:24] Idle check: zrepl backup_to_purple Replication active
[09:33:55] Idle check: zrepl backup_to_purple Replication active
[09:34:26] Idle check: zrepl backup_to_purple Replication active
[09:34:56] Idle check: zrepl backup_to_purple Replication active
[09:35:27] Idle check: zrepl backup_to_purple Replication active
[09:35:58] Idle check: zrepl backup_to_purple Replication active
[09:36:29] Idle check: zrepl backup_to_purple Replication active
[09:37:00] Idle check: zrepl backup_to_purple Replication active
[09:37:30] Idle check: zrepl backup_to_purple Replication active
[09:38:01] Idle check: zrepl backup_to_purple Replication active
[09:38:32] Idle check: zrepl backup_to_purple Replication active
[09:39:03] Idle check: zrepl backup_to_purple Replication active
[09:39:34] Idle check: zrepl backup_to_purple Replication active
[09:40:04] Idle check: zrepl backup_to_purple Replication active
[09:40:35] Idle check: zrepl backup_to_purple Replication active
[09:41:06] Idle check: zrepl backup_to_purple Replication active
[09:41:37] Idle check: zrepl backup_to_purple Replication active
[09:42:08] Idle check: zrepl backup_to_purple Replication active
[09:42:39] Idle check: zrepl backup_to_purple Replication active
[09:43:09] Idle check: zrepl backup_to_purple Replication active
[09:43:40] Idle check: zrepl backup_to_purple Replication active
[09:44:11] Idle check: zrepl backup_to_purple Replication active
[09:44:42] Idle check: zrepl backup_to_purple Replication active
[09:45:13] Idle check: zrepl backup_to_purple Replication active
[09:45:43] Idle check: zrepl backup_to_purple Replication active
[09:46:14] Idle check: zrepl backup_to_purple Replication active
[09:46:45] Idle check: zrepl backup_to_purple Replication active
[09:47:16] Idle check: zrepl backup_to_purple Replication active
[09:47:47] Idle check: zrepl backup_to_purple Replication active
[09:48:17] Idle check: zrepl backup_to_purple Replication active
[09:48:48] Idle check: zrepl backup_to_purple Replication active
[09:49:19] Idle check: zrepl backup_to_purple Replication active
[09:49:50] Idle check: zrepl backup_to_purple Replication active
[09:50:21] Idle check: zrepl backup_to_purple Replication active
[09:50:52] Idle check: zrepl backup_to_purple Replication active
[09:51:22] Idle check: zrepl backup_to_purple Replication active
[09:51:53] Idle check: zrepl backup_to_purple Replication active
[09:52:24] Idle check: zrepl backup_to_purple Replication active
[09:52:55] Idle check: zrepl backup_to_purple Replication active
[09:53:26] Idle check: zrepl backup_to_purple Replication active
[09:53:56] Idle check: zrepl backup_to_purple Replication active
[09:54:27] Idle check: zrepl backup_to_purple Replication active
[09:54:58] Idle check: zrepl backup_to_purple Replication active
[09:55:29] Idle check: zrepl backup_to_purple Replication active
[09:56:00] Idle check: zrepl backup_to_purple Replication active
[09:56:31] Idle check: zrepl backup_to_purple Replication active
[09:57:01] Idle check: zrepl backup_to_purple Replication active
[09:57:32] Idle check: zrepl backup_to_purple Replication active
[09:58:03] Idle check: zrepl backup_to_purple Replication active
[09:58:34] Idle check: zrepl backup_to_purple Replication active
[09:59:05] Idle check: zrepl backup_to_purple Replication active
[09:59:35] Idle check: zrepl backup_to_purple Replication active
[10:00:06] Idle check: zrepl backup_to_purple Replication active
[10:00:37] Idle check: zrepl backup_to_purple Replication active
[10:01:08] Idle check: zrepl backup_to_purple Replication active
[10:01:39] Idle check: zrepl backup_to_purple Replication active
[10:02:09] Idle check: zrepl backup_to_purple Replication active
[10:02:40] Idle check: zrepl backup_to_purple Replication active
[10:03:11] Idle check: zrepl backup_to_purple Replication active
[10:03:42] Idle check: zrepl backup_to_purple Replication active
[10:04:13] Idle check: zrepl backup_to_purple Replication active
[10:04:43] Idle check: zrepl backup_to_purple Replication active
[10:05:14] Idle check: zrepl backup_to_purple Replication active
[10:05:45] Idle check: zrepl backup_to_purple Replication active
[10:06:16] Idle check: zrepl backup_to_purple Replication active
[10:06:47] Idle check: zrepl backup_to_purple Replication active
[10:07:18] Idle check: zrepl backup_to_purple Replication active
[10:07:48] Idle check: zrepl backup_to_purple Replication active
[10:08:19] Idle check: zrepl backup_to_purple Replication active
[10:08:50] Idle check: zrepl backup_to_purple Replication active
[10:09:21] Idle check: zrepl backup_to_purple Replication active
[10:09:52] Idle check: zrepl backup_to_purple Replication active
[10:10:22] Idle check: zrepl backup_to_purple Replication active
[10:10:53] Idle check: zrepl backup_to_purple Replication active
[10:11:24] Idle check: zrepl backup_to_purple Replication active
[10:11:55] Idle check: zrepl backup_to_purple Replication active
[10:12:26] Idle check: zrepl backup_to_purple Replication active
[10:12:56] Idle check: zrepl backup_to_purple Replication active
[10:13:27] Idle check: zrepl backup_to_purple Replication active
[10:13:58] Idle check: zrepl backup_to_purple Replication active
[10:14:29] Idle check: zrepl backup_to_purple Replication active
[10:15:00] Idle check: systemd ZFS job running
[10:15:31] Idle check: zrepl backup_to_purple Replication active
[10:16:01] Idle check: zrepl backup_to_purple Replication active
[10:16:32] Idle check: zrepl backup_to_purple Replication active
[10:17:03] Idle check: zrepl backup_to_purple Replication active
[10:17:34] Idle check: zrepl backup_to_purple Replication active
[10:18:05] Idle check: zrepl backup_to_purple Replication active
[10:18:35] Idle check: zrepl backup_to_purple Replication active
[10:19:06] Idle check: zrepl backup_to_purple Replication active
[10:19:37] Idle check: zrepl backup_to_purple Replication active
[10:20:08] Idle check: zrepl backup_to_purple Replication active
[10:20:39] Idle check: zrepl backup_to_purple Replication active
[10:21:10] Idle check: zrepl backup_to_purple Replication active
[10:21:40] Idle check: zrepl backup_to_purple Replication active
[10:22:11] Idle check: zrepl backup_to_purple Replication active
[10:22:42] Idle check: zrepl backup_to_purple Replication active
[10:23:13] Idle check: zrepl backup_to_purple Replication active
[10:23:44] Idle check: zrepl backup_to_purple Replication active
[10:24:14] Idle check: zrepl backup_to_purple Replication active
[10:24:45] Idle check: zrepl backup_to_purple Replication active
[10:25:16] Idle check: zrepl backup_to_purple Replication active
[10:25:47] Idle check: zrepl backup_to_purple Replication active
[10:26:18] Idle check: zrepl backup_to_purple Replication active
[10:26:49] Idle check: zrepl backup_to_purple Replication active
[10:27:19] Idle check: zrepl backup_to_purple Replication active
[10:27:50] Idle check: zrepl backup_to_purple Replication active
[10:28:21] Idle check: zrepl backup_to_purple Replication active
[10:28:52] Idle check: zrepl backup_to_purple Replication active
[10:29:23] Idle check: zrepl backup_to_purple Replication active
[10:29:54] Idle check: zrepl backup_to_purple Replication active
[10:30:24] Idle check: zrepl backup_to_purple Replication active
[10:30:55] Idle check: zrepl backup_to_purple Replication active
[10:31:26] Idle check: zrepl backup_to_purple Replication active
[10:31:57] Idle check: zrepl backup_to_purple Replication active
[10:32:28] Idle check: zrepl backup_to_purple Replication active
[10:32:58] Idle check: zrepl backup_to_purple Replication active
[10:33:29] Idle check: zrepl backup_to_purple Replication active
[10:34:00] Idle check: zrepl backup_to_purple Replication active
[10:34:31] Idle check: zrepl backup_to_purple Replication active
[10:35:02] Idle check: zrepl backup_to_purple Replication active
[10:35:32] Idle check: zrepl backup_to_purple Replication active
[10:36:03] Idle check: zrepl backup_to_purple Replication active
[10:36:34] Idle check: zrepl backup_to_purple Replication active
[10:37:05] Idle check: zrepl backup_to_purple Replication active
[10:37:36] Idle check: zrepl backup_to_purple Replication active
[10:38:07] Idle check: zrepl backup_to_purple Replication active
[10:38:37] Idle check: zrepl backup_to_purple Replication active
[10:39:08] Idle check: zrepl backup_to_purple Replication active
[10:39:39] Idle check: zrepl backup_to_purple Replication active
[10:40:10] Idle check: zrepl backup_to_purple Replication active
[10:40:41] Idle check: zrepl backup_to_purple Replication active
[10:41:11] Idle check: zrepl backup_to_purple Replication active
[10:41:42] Idle check: zrepl backup_to_purple Replication active
[10:42:13] Idle check: zrepl backup_to_purple Replication active
[10:42:44] Idle check: zrepl backup_to_purple Replication active
[10:43:15] Idle check: zrepl backup_to_purple Replication active
[10:43:46] Idle check: zrepl backup_to_purple Replication active
[10:44:16] Idle check: zrepl backup_to_purple Replication active
[10:44:47] Idle check: zrepl backup_to_purple Replication active
[10:45:18] Idle check: zrepl backup_to_purple Replication active
[10:45:49] Idle check: zrepl backup_to_purple Replication active
[10:46:20] Idle check: zrepl backup_to_purple Replication active
[10:46:50] Idle check: zrepl backup_to_purple Replication active
[10:47:21] Idle check: zrepl backup_to_purple Replication active
[10:47:52] Idle check: zrepl backup_to_purple Replication active
[10:48:23] Idle check: zrepl backup_to_purple Replication active
[10:48:54] Idle check: zrepl backup_to_purple Replication active
[10:49:24] Idle check: zrepl backup_to_purple Replication active
[10:49:55] Idle check: zrepl backup_to_purple Replication active
[10:50:26] Idle check: zrepl backup_to_purple Replication active
[10:50:57] Idle check: zrepl backup_to_purple Replication active
[10:51:28] Idle check: zrepl backup_to_purple Replication active
[10:51:59] Idle check: zrepl backup_to_purple Replication active
[10:52:29] Idle check: zrepl backup_to_purple Replication active
[10:53:00] Idle check: zrepl backup_to_purple Replication active
[10:53:31] Idle check: zrepl backup_to_purple Replication active
[10:54:02] Idle check: zrepl backup_to_purple Replication active
[10:54:33] Idle check: zrepl backup_to_purple Replication active
[10:55:03] Idle check: zrepl backup_to_purple Replication active
[10:55:34] Idle check: zrepl backup_to_purple Replication active
[10:56:05] Idle check: zrepl backup_to_purple Replication active
[10:56:36] Idle check: zrepl backup_to_purple Replication active
[10:57:07] Idle check: zrepl backup_to_purple Replication active
[10:57:38] Idle check: zrepl backup_to_purple Replication active
[10:58:08] Idle check: zrepl backup_to_purple Replication active
[10:58:39] Idle check: zrepl backup_to_purple Replication active
[10:59:10] Idle check: zrepl backup_to_purple Replication active
[10:59:41] Idle check: zrepl backup_to_purple Replication active
[11:00:12] Idle check: zrepl backup_to_purple Replication active
[11:00:42] Idle check: zrepl backup_to_purple Replication active
[11:01:13] Idle check: zrepl backup_to_purple Replication active
[11:01:44] Idle check: zrepl backup_to_purple Replication active
[11:02:15] Idle check: zrepl backup_to_purple Replication active
[11:02:46] Idle check: zrepl backup_to_purple Replication active
[11:03:16] Idle check: zrepl backup_to_purple Replication active
[11:03:47] Idle check: zrepl backup_to_purple Replication active
[11:04:18] Idle check: zrepl backup_to_purple Replication active
[11:04:49] Idle check: zrepl backup_to_purple Replication active
[11:05:20] Idle check: zrepl backup_to_purple Replication active
[11:05:50] Idle check: zrepl backup_to_purple Replication active
[11:06:21] Idle check: zrepl backup_to_purple Replication active
[11:06:52] Idle check: zrepl backup_to_purple Replication active
[11:07:23] Idle check: zrepl backup_to_purple Replication active
[11:07:54] Idle check: zrepl backup_to_purple Replication active
[11:08:25] Idle check: zrepl backup_to_purple Replication active
[11:08:55] Idle check: zrepl backup_to_purple Replication active
[11:09:26] Idle check: zrepl backup_to_purple Replication active
[11:09:57] Idle check: zrepl backup_to_purple Replication active
[11:10:28] Idle check: zrepl backup_to_purple Replication active
[11:10:59] Idle check: zrepl backup_to_purple Replication active
[11:11:30] Idle check: zrepl backup_to_purple Replication active
[11:12:00] Idle check: zrepl backup_to_purple Replication active
[11:12:31] Idle check: zrepl backup_to_purple Replication active
[11:13:02] Idle check: zrepl backup_to_purple Replication active
[11:13:33] Idle check: zrepl backup_to_purple Replication active
[11:14:04] Idle check: zrepl backup_to_purple Replication active
[11:14:34] Idle check: zrepl backup_to_purple Replication active
[11:15:05] Idle check: zrepl backup_to_purple Replication active
[11:15:36] Idle check: zrepl backup_to_purple Replication active
[11:16:07] Idle check: zrepl backup_to_purple Replication active
[11:16:38] Idle check: zrepl backup_to_purple Replication active
[11:17:08] Idle check: zrepl backup_to_purple Replication active
[11:17:39] Idle check: zrepl backup_to_purple Replication active
[11:18:10] Idle check: zrepl backup_to_purple Replication active
[11:18:41] Idle check: zrepl backup_to_purple Replication active
[11:19:12] Idle check: zrepl backup_to_purple Replication active
[11:19:42] Idle check: zrepl backup_to_purple Replication active
[11:20:13] Idle check: zrepl backup_to_purple Replication active
[11:20:44] Idle check: zrepl backup_to_purple Replication active
[11:21:15] Idle check: zrepl backup_to_purple Replication active
[11:21:46] Idle check: zrepl backup_to_purple Replication active
[11:22:17] Idle check: zrepl backup_to_purple Replication active
[11:22:47] Idle check: zrepl backup_to_purple Replication active
[11:23:18] Idle check: zrepl backup_to_purple Replication active
[11:23:49] Idle check: zrepl backup_to_purple Replication active
[11:24:20] Idle check: zrepl backup_to_purple Replication active
[11:24:51] Idle check: zrepl backup_to_purple Replication active
[11:25:21] Idle check: zrepl backup_to_purple Replication active
[11:25:52] Idle check: zrepl backup_to_purple Replication active
[11:26:23] Idle check: zrepl backup_to_purple Replication active
[11:26:54] Idle check: zrepl backup_to_purple Replication active
[11:27:25] Idle check: zrepl backup_to_purple Replication active
[11:27:56] Idle check: zrepl backup_to_purple Replication active
[11:28:26] Idle check: zrepl backup_to_purple Replication active
[11:28:57] Idle check: zrepl backup_to_purple Replication active
[11:29:28] Idle check: zrepl backup_to_purple Replication active
[11:29:59] Idle check: zrepl backup_to_purple Replication active
[11:30:30] Idle check: zrepl backup_to_purple Replication active
[11:31:00] Idle check: zrepl backup_to_purple Replication active
[11:31:31] Idle check: zrepl backup_to_purple Replication active
[11:32:02] Idle check: zrepl backup_to_purple Replication active
[11:32:33] Idle check: zrepl backup_to_purple Replication active
[11:33:04] Idle check: zrepl backup_to_purple Replication active
[11:33:34] Idle check: zrepl backup_to_purple Replication active
[11:34:05] Idle check: zrepl backup_to_purple Replication active
[11:34:36] Idle check: zrepl backup_to_purple Replication active
[11:35:07] Idle check: zrepl backup_to_purple Replication active
[11:35:38] Idle check: zrepl backup_to_purple Replication active
[11:36:09] Idle check: zrepl backup_to_purple Replication active
[11:36:39] Idle check: zrepl backup_to_purple Replication active
[11:37:10] Idle check: zrepl backup_to_purple Replication active
[11:37:41] Idle check: zrepl backup_to_purple Replication active
[11:38:12] Idle check: zrepl backup_to_purple Replication active
[11:38:43] Idle check: zrepl backup_to_purple Replication active
[11:39:13] Idle check: zrepl backup_to_purple Replication active
[11:39:44] Idle check: zrepl backup_to_purple Replication active
[11:40:15] Idle check: zrepl backup_to_purple Replication active
[11:40:46] Idle check: zrepl backup_to_purple Replication active
[11:41:17] Idle check: zrepl backup_to_purple Replication active
[11:41:48] Idle check: zrepl backup_to_purple Replication active
[11:42:18] Idle check: zrepl backup_to_purple Replication active
[11:42:49] Idle check: zrepl backup_to_purple Replication active
[11:43:20] Idle check: zrepl backup_to_purple Replication active
[11:43:51] Idle check: zrepl backup_to_purple Replication active
[11:44:22] Idle check: zrepl backup_to_purple Replication active
[11:44:53] Idle check: zrepl backup_to_purple Replication active
[11:45:23] Idle check: zrepl backup_to_purple Replication active
[11:45:54] Idle check: zrepl backup_to_purple Replication active
[11:46:25] Idle check: zrepl backup_to_purple Replication active
[11:46:56] Idle check: zrepl backup_to_purple Replication active
[11:47:27] Idle check: zrepl backup_to_purple Replication active
[11:47:57] Idle check: zrepl backup_to_purple Replication active
[11:48:28] Idle check: zrepl backup_to_purple Replication active
[11:48:59] Idle check: zrepl backup_to_purple Replication active
[11:49:30] Idle check: zrepl backup_to_purple Replication active
[11:50:01] Idle check: zrepl backup_to_purple Replication active
[11:50:31] Idle check: zrepl backup_to_purple Replication active
[11:51:02] Idle check: zrepl backup_to_purple Replication active
[11:51:33] Idle check: zrepl backup_to_purple Replication active
[11:52:04] Idle check: zrepl backup_to_purple Replication active
[11:52:35] Idle check: zrepl backup_to_purple Replication active
[11:53:06] Idle check: zrepl backup_to_purple Replication active
[11:53:36] Idle check: zrepl backup_to_purple Replication active
[11:54:07] Idle check: zrepl backup_to_purple Replication active
[11:54:38] Idle check: zrepl backup_to_purple Replication active
[11:55:09] Idle check: zrepl backup_to_purple Replication active
[11:55:40] Idle check: zrepl backup_to_purple Replication active
[11:56:10] Idle check: zrepl backup_to_purple Replication active
[11:56:41] Idle check: zrepl backup_to_purple Replication active
[11:57:12] Idle check: zrepl backup_to_purple Replication active
[11:57:43] Idle check: zrepl backup_to_purple Replication active
[11:58:14] Idle check: zrepl backup_to_purple Replication active
[11:58:45] Idle check: zrepl backup_to_purple Replication active
[11:59:15] Idle check: zrepl backup_to_purple Replication active
[11:59:46] Idle check: zrepl backup_to_purple Replication active
[12:00:17] Idle check: zrepl backup_to_purple Replication active
[12:00:48] Idle check: zrepl backup_to_purple Replication active
[12:01:19] Idle check: zrepl backup_to_purple Replication active
[12:01:49] Idle check: zrepl backup_to_purple Replication active
[12:02:20] Idle check: zrepl backup_to_purple Replication active
[12:02:51] Idle check: zrepl backup_to_purple Replication active
[12:03:22] Idle check: zrepl backup_to_purple Replication active
[12:03:53] Idle check: zrepl backup_to_purple Replication active
[12:04:24] Idle check: zrepl backup_to_purple Replication active
[12:04:54] Idle check: zrepl backup_to_purple Replication active
[12:05:25] Idle check: zrepl backup_to_purple Replication active
[12:05:56] Idle check: zrepl backup_to_purple Replication active
[12:06:27] Idle check: zrepl backup_to_purple Replication active
[12:06:58] Idle check: zrepl backup_to_purple Replication active
[12:07:28] Idle check: zrepl backup_to_purple Replication active
[12:07:59] Idle check: zrepl backup_to_purple Replication active
[12:08:30] Idle check: zrepl backup_to_purple Replication active
[12:09:01] Idle check: zrepl backup_to_purple Replication active
[12:09:32] Idle check: zrepl backup_to_purple Replication active
[12:10:02] Idle check: zrepl backup_to_purple Replication active
[12:10:33] Idle check: zrepl backup_to_purple Replication active
[12:11:04] Idle check: zrepl backup_to_purple Replication active
[12:11:35] Idle check: zrepl backup_to_purple Replication active
[12:12:06] Idle check: zrepl backup_to_purple Replication active
[12:12:37] Idle check: zrepl backup_to_purple Replication active
[12:13:07] Idle check: zrepl backup_to_purple Replication active
[12:13:38] Idle check: zrepl backup_to_purple Replication active
[12:14:09] Idle check: zrepl backup_to_purple Replication active
[12:14:40] Idle check: zrepl backup_to_purple Replication active
[12:15:11] Idle check: zrepl backup_to_purple Replication active
[12:15:41] Idle check: zrepl backup_to_purple Replication active
[12:16:12] Idle check: zrepl backup_to_purple Replication active
[12:16:43] Idle check: zrepl backup_to_purple Replication active
[12:17:14] Idle check: zrepl backup_to_purple Replication active
[12:17:45] Idle check: zrepl backup_to_purple Replication active
[12:18:16] Idle check: zrepl backup_to_purple Replication active
[12:18:46] Idle check: zrepl backup_to_purple Replication active
[12:19:17] Idle check: zrepl backup_to_purple Replication active
[12:19:48] Idle check: zrepl backup_to_purple Replication active
[12:20:19] Idle check: zrepl backup_to_purple Replication active
[12:20:50] Idle check: zrepl backup_to_purple Replication active
[12:21:20] Idle check: zrepl backup_to_purple Replication active
[12:21:51] Idle check: zrepl backup_to_purple Replication active
[12:22:22] Idle check: zrepl backup_to_purple Replication active
[12:22:53] Idle check: zrepl backup_to_purple Replication active
[12:23:24] Idle check: zrepl backup_to_purple Replication active
[12:23:54] Idle check: zrepl backup_to_purple Replication active
[12:24:25] Idle check: zrepl backup_to_purple Replication active
[12:24:56] Idle check: zrepl backup_to_purple Replication active
[12:25:27] Idle check: zrepl backup_to_purple Replication active
[12:25:58] Idle check: zrepl backup_to_purple Replication active
[12:26:29] Idle check: zrepl backup_to_purple Replication active
[12:26:59] Idle check: zrepl backup_to_purple Replication active
[12:27:30] Idle check: zrepl backup_to_purple Replication active
[12:28:01] Idle check: zrepl backup_to_purple Replication active
[12:28:32] Idle check: zrepl backup_to_purple Replication active
[12:29:03] Idle check: zrepl backup_to_purple Replication active
[12:29:33] Idle check: zrepl backup_to_purple Replication active
[12:30:04] Idle check: zrepl backup_to_purple Replication active
[12:30:35] Idle check: zrepl backup_to_purple Replication active
[12:31:06] Idle check: zrepl backup_to_purple Replication active
[12:31:37] Idle check: zrepl backup_to_purple Replication active
[12:32:08] Idle check: zrepl backup_to_purple Replication active
[12:32:38] Idle check: zrepl backup_to_purple Replication active
[12:33:09] Idle check: zrepl backup_to_purple Replication active
[12:33:40] Idle check: zrepl backup_to_purple Replication active
[12:34:11] Idle check: zrepl backup_to_purple Replication active
[12:34:42] Idle check: zrepl backup_to_purple Replication active
[12:35:12] Idle check: zrepl backup_to_purple Replication active
[12:35:43] Idle check: zrepl backup_to_purple Replication active
[12:36:14] Idle check: zrepl backup_to_purple Replication active
[12:36:45] Idle check: zrepl backup_to_purple Replication active
[12:37:16] Idle check: zrepl backup_to_purple Replication active
[12:37:47] Idle check: zrepl backup_to_purple Replication active
[12:38:17] Idle check: zrepl backup_to_purple Replication active
[12:38:48] Idle check: zrepl backup_to_purple Replication active
[12:39:19] Idle check: zrepl backup_to_purple Replication active
[12:39:50] Idle check: zrepl backup_to_purple Replication active
[12:40:21] Idle check: zrepl backup_to_purple Replication active
[12:40:51] Idle check: zrepl backup_to_purple Replication active
[12:41:22] Idle check: zrepl backup_to_purple Replication active
[12:41:53] Idle check: zrepl backup_to_purple Replication active
[12:42:24] Idle check: zrepl backup_to_purple Replication active
[12:42:55] Idle check: zrepl backup_to_purple Replication active
[12:43:25] Idle check: load=1.12 (need < 1.0)
[12:43:56] Idle check: zrepl backup_to_purple Replication active
[12:44:27] Idle check: zrepl backup_to_purple Replication active
[12:44:58] Idle check: zrepl backup_to_purple Replication active
[12:45:28] Idle check: zrepl backup_to_purple Replication active
[12:45:59] Idle check: zrepl backup_to_purple Replication active
[12:46:30] Idle check: zrepl backup_to_purple Replication active
[12:47:01] Idle check: zrepl backup_to_purple Replication active
[12:47:32] Idle check: zrepl backup_to_purple Replication active
[12:48:02] Idle check: zrepl backup_to_purple Replication active
[12:48:33] Idle check: zrepl backup_to_purple Replication active
[12:49:04] Idle check: zrepl backup_to_purple Replication active
[12:49:35] Idle check: zrepl backup_to_purple Replication active
[12:50:06] Idle check: zrepl backup_to_purple Replication active
[12:50:37] Idle check: zrepl backup_to_purple Replication active
[12:51:07] Idle check: zrepl backup_to_purple Replication active
[12:51:38] Idle check: zrepl backup_to_purple Replication active
[12:52:09] Idle check: zrepl backup_to_purple Replication active
[12:52:40] Idle check: zrepl backup_to_purple Replication active
[12:53:11] Idle check: zrepl backup_to_purple Replication active
[12:53:41] Idle check: zrepl backup_to_purple Replication active
[12:54:12] Idle check: zrepl backup_to_purple Replication active
[12:54:43] Idle check: zrepl backup_to_purple Replication active
[12:55:14] Idle check: zrepl backup_to_purple Replication active
[12:55:45] Idle check: zrepl backup_to_purple Replication active
[12:56:15] Idle check: zrepl backup_to_purple Replication active
[12:56:46] Idle check: zrepl backup_to_purple Replication active
[12:57:17] Idle check: zrepl backup_to_purple Replication active
[12:57:48] Idle check: zrepl backup_to_purple Replication active
[12:58:19] Idle check: zrepl backup_to_purple Replication active
[12:58:50] Idle check: zrepl backup_to_purple Replication active
[12:59:20] Idle check: zrepl backup_to_purple Replication active
[12:59:51] Idle check: zrepl backup_to_purple Replication active
[13:00:22] Idle check: zrepl backup_to_purple Replication active
[13:00:53] Idle check: zrepl backup_to_purple Replication active
[13:01:24] Idle check: zrepl backup_to_purple Replication active
[13:01:54] Idle check: zrepl backup_to_purple Replication active
[13:02:25] Idle check: zrepl backup_to_purple Replication active
[13:02:56] Idle check: zrepl backup_to_purple Replication active
[13:03:27] Idle check: zrepl backup_to_purple Replication active
[13:03:58] Idle check: zrepl backup_to_purple Replication active
[13:04:28] Idle check: zrepl backup_to_purple Replication active
[13:04:59] Idle check: zrepl backup_to_purple Replication active
[13:05:30] Idle check: zrepl backup_to_purple Replication active
[13:06:01] Idle check: zrepl backup_to_purple Replication active
[13:06:32] Idle check: zrepl backup_to_purple Replication active
[13:07:03] Idle check: zrepl backup_to_purple Replication active
[13:07:33] Idle check: zrepl backup_to_purple Replication active
[13:08:04] Idle check: zrepl backup_to_purple Replication active
[13:08:35] Idle check: zrepl backup_to_purple Replication active
[13:09:06] Idle check: zrepl backup_to_purple Replication active
[13:09:37] Idle check: zrepl backup_to_purple Replication active
[13:10:07] Idle check: zrepl backup_to_purple Replication active
[13:10:38] Idle check: zrepl backup_to_purple Replication active
[13:11:09] Idle check: zrepl backup_to_purple Replication active
[13:11:40] Idle check: zrepl backup_to_purple Replication active
[13:12:11] Idle check: zrepl backup_to_purple Replication active
[13:12:42] Idle check: zrepl backup_to_purple Replication active
[13:13:12] Idle check: zrepl backup_to_purple Replication active
[13:13:43] Idle check: zrepl backup_to_purple Replication active
[13:14:14] Idle check: zrepl backup_to_purple Replication active
[13:14:45] Idle check: zrepl backup_to_purple Replication active
[13:15:16] Idle check: zrepl backup_to_purple Replication active
[13:15:46] Idle check: zrepl backup_to_purple Replication active
[13:16:17] Idle check: zrepl backup_to_purple Replication active
[13:16:48] Idle check: zrepl backup_to_purple Replication active
[13:17:19] Idle check: zrepl backup_to_purple Replication active
[13:17:50] Idle check: zrepl backup_to_purple Replication active
[13:18:20] Idle check: zrepl backup_to_purple Replication active
[13:18:51] Idle check: zrepl backup_to_purple Replication active
[13:19:22] Idle check: zrepl backup_to_purple Replication active
[13:19:53] Idle check: zrepl backup_to_purple Replication active
[13:20:24] Idle check: zrepl backup_to_purple Replication active
[13:20:54] Idle check: zrepl backup_to_purple Replication active
[13:21:25] Idle check: zrepl backup_to_purple Replication active
[13:21:56] Idle check: zrepl backup_to_purple Replication active
[13:22:27] Idle check: zrepl backup_to_purple Replication active
[13:22:58] Idle check: zrepl backup_to_purple Replication active
[13:23:28] Idle check: zrepl backup_to_purple Replication active
[13:23:59] Idle check: zrepl backup_to_purple Replication active
[13:24:30] Idle check: zrepl backup_to_purple Replication active
[13:25:01] Idle check: zrepl backup_to_purple Replication active
[13:25:32] Idle check: zrepl backup_to_purple Replication active
[13:26:03] Idle check: zrepl backup_to_purple Replication active
[13:26:33] Idle check: zrepl backup_to_purple Replication active
[13:27:04] Idle check: zrepl backup_to_purple Replication active
[13:27:35] Idle check: zrepl backup_to_purple Replication active
[13:28:06] Idle check: zrepl backup_to_purple Replication active
[13:28:37] Idle check: zrepl backup_to_purple Replication active
[13:29:07] Idle check: zrepl backup_to_purple Replication active
[13:29:38] Idle check: zrepl backup_to_purple Replication active
[13:30:09] Idle check: zrepl backup_to_purple Replication active
[13:30:40] Idle check: zrepl backup_to_purple Replication active
[13:31:11] Idle check: zrepl backup_to_purple Replication active
[13:31:42] Idle check: zrepl backup_to_purple Replication active
[13:32:12] Idle check: zrepl backup_to_purple Replication active
[13:32:43] Idle check: zrepl backup_to_purple Replication active
[13:33:14] Idle check: zrepl backup_to_purple Replication active
[13:33:45] Idle check: zrepl backup_to_purple Replication active
[13:34:16] Idle check: zrepl backup_to_purple Replication active
[13:34:46] Idle check: zrepl backup_to_purple Replication active
[13:35:17] Idle check: zrepl backup_to_purple Replication active
[13:35:48] Idle check: zrepl backup_to_purple Replication active
[13:36:19] Idle check: zrepl backup_to_purple Replication active
[13:36:50] Idle check: zrepl backup_to_purple Replication active
[13:37:20] Idle check: zrepl backup_to_purple Replication active
[13:37:51] Idle check: zrepl backup_to_purple Replication active
[13:38:22] Idle check: zrepl backup_to_purple Replication active
[13:38:53] Idle check: zrepl backup_to_purple Replication active
[13:39:24] Idle check: zrepl backup_to_purple Replication active
[13:39:54] Idle check: zrepl backup_to_purple Replication active
[13:40:25] Idle check: zrepl backup_to_purple Replication active
[13:40:56] Idle check: zrepl backup_to_purple Replication active
[13:41:27] Idle check: zrepl backup_to_purple Replication active
[13:41:58] Idle check: zrepl backup_to_purple Replication active
[13:42:29] Idle check: zrepl backup_to_purple Replication active
[13:42:59] Idle check: zrepl backup_to_purple Replication active
[13:43:30] Idle check: zrepl backup_to_purple Replication active
[13:44:01] Idle check: zrepl backup_to_purple Replication active
[13:44:32] Idle check: zrepl backup_to_purple Replication active
[13:45:03] Idle check: zrepl backup_to_purple Replication active
[13:45:33] Idle check: zrepl backup_to_purple Replication active
[13:46:04] Idle check: zrepl backup_to_purple Replication active
[13:46:35] Idle check: zrepl backup_to_purple Replication active
[13:47:06] Idle check: zrepl backup_to_purple Replication active
[13:47:37] Idle check: zrepl backup_to_purple Replication active
[13:48:08] Idle check: zrepl backup_to_purple Replication active
[13:48:38] Idle check: zrepl backup_to_purple Replication active
[13:49:09] Idle check: zrepl backup_to_purple Replication active
[13:49:40] Idle check: zrepl backup_to_purple Replication active
[13:50:11] Idle check: zrepl backup_to_purple Replication active
[13:50:42] Idle check: zrepl backup_to_purple Replication active
[13:51:12] Idle check: zrepl backup_to_purple Replication active
[13:51:43] Idle check: zrepl backup_to_purple Replication active
[13:52:14] Idle check: zrepl backup_to_purple Replication active
[13:52:45] Idle check: zrepl backup_to_purple Replication active
[13:53:16] Idle check: zrepl backup_to_purple Replication active
[13:53:47] Idle check: zrepl backup_to_purple Replication active
[13:54:17] Idle check: zrepl backup_to_purple Replication active
[13:54:48] Idle check: zrepl backup_to_purple Replication active
[13:55:19] Idle check: zrepl backup_to_purple Replication active
[13:55:50] Idle check: zrepl backup_to_purple Replication active
[13:56:21] Idle check: zrepl backup_to_purple Replication active
[13:56:51] Idle check: zrepl backup_to_purple Replication active
[13:57:22] Idle check: zrepl backup_to_purple Replication active
[13:57:53] Idle check: zrepl backup_to_purple Replication active
[13:58:24] Idle check: zrepl backup_to_purple Replication active
[13:58:55] Idle check: zrepl backup_to_purple Replication active
[13:59:25] Idle check: zrepl backup_to_purple Replication active
[13:59:56] Idle check: zrepl backup_to_purple Replication active
[14:00:27] Idle check: zrepl backup_to_purple Replication active
[14:00:58] Idle check: zrepl backup_to_purple Replication active
[14:01:29] Idle check: zrepl backup_to_purple Replication active
[14:02:00] Idle check: zrepl backup_to_purple Replication active
[14:02:30] Idle check: zrepl backup_to_purple Replication active
[14:03:01] Idle check: zrepl backup_to_purple Replication active
[14:03:32] Idle check: zrepl backup_to_purple Replication active
[14:04:03] Idle check: zrepl backup_to_purple Replication active
[14:04:34] Idle check: zrepl backup_to_purple Replication active
[14:05:04] Idle check: zrepl backup_to_purple Replication active
[14:05:35] Idle check: zrepl backup_to_purple Replication active
[14:06:06] Idle check: zrepl backup_to_purple Replication active
[14:06:37] Idle check: zrepl backup_to_purple Replication active
[14:07:08] Idle check: zrepl backup_to_purple Replication active
[14:07:38] Idle check: zrepl backup_to_purple Replication active
[14:08:09] Idle check: zrepl backup_to_purple Replication active
[14:08:40] Idle check: zrepl backup_to_purple Replication active
[14:09:11] Idle check: zrepl backup_to_purple Replication active
[14:09:42] Idle check: zrepl backup_to_purple Replication active
[14:10:12] Idle check: zrepl backup_to_purple Replication active
[14:10:43] Idle check: zrepl backup_to_purple Replication active
[14:11:14] Idle check: zrepl backup_to_purple Replication active
[14:11:45] Idle check: zrepl backup_to_purple Replication active
[14:12:16] Idle check: zrepl backup_to_purple Replication active
[14:12:47] Idle check: zrepl backup_to_purple Replication active
[14:13:17] Idle check: zrepl backup_to_purple Replication active
[14:13:48] Idle check: zrepl backup_to_purple Replication active
[14:14:19] Idle check: zrepl backup_to_purple Replication active
[14:14:50] Idle check: zrepl backup_to_purple Replication active
[14:15:21] Idle check: zrepl backup_to_purple Replication active
[14:15:51] Idle check: zrepl backup_to_purple Replication active
[14:16:22] Idle check: zrepl backup_to_purple Replication active
[14:16:53] Idle check: zrepl backup_to_purple Replication active
[14:17:24] Idle check: zrepl backup_to_purple Replication active
[14:17:55] Idle check: zrepl backup_to_purple Replication active
[14:18:25] Idle check: zrepl backup_to_purple Replication active
[14:18:56] Idle check: zrepl backup_to_purple Replication active
[14:19:27] Idle check: zrepl backup_to_purple Replication active
[14:19:58] Idle check: zrepl backup_to_purple Replication active
[14:20:29] Idle check: zrepl backup_to_purple Replication active
[14:21:00] Idle check: zrepl backup_to_purple Replication active
[14:21:30] Idle check: zrepl backup_to_purple Replication active
[14:22:01] Idle check: zrepl backup_to_purple Replication active
[14:22:32] Idle check: zrepl backup_to_purple Replication active
[14:23:03] Idle check: zrepl backup_to_purple Replication active
[14:23:34] Idle check: zrepl backup_to_purple Replication active
[14:24:04] Idle check: zrepl backup_to_purple Replication active
[14:24:35] Idle check: zrepl backup_to_purple Replication active
[14:25:06] Idle check: zrepl backup_to_purple Replication active
[14:25:37] Idle check: zrepl backup_to_purple Replication active
[14:26:08] Idle check: zrepl backup_to_purple Replication active
[14:26:39] Idle check: zrepl backup_to_purple Replication active
[14:27:09] Idle check: zrepl backup_to_purple Replication active
[14:27:40] Idle check: zrepl backup_to_purple Replication active
[14:28:11] Idle check: zrepl backup_to_purple Replication active
[14:28:42] Idle check: zrepl backup_to_purple Replication active
[14:29:13] Idle check: zrepl backup_to_purple Replication active
[14:29:43] Idle check: zrepl backup_to_purple Replication active
[14:30:14] Idle check: zrepl backup_to_purple Replication active
[14:30:45] Idle check: zrepl backup_to_purple Replication active
[14:31:16] Idle check: zrepl backup_to_purple Replication active
[14:31:47] Idle check: zrepl backup_to_purple Replication active
[14:32:18] Idle check: zrepl backup_to_purple Replication active
[14:32:48] Idle check: zrepl backup_to_purple Replication active
[14:33:19] Idle check: zrepl backup_to_purple Replication active
[14:33:50] Idle check: zrepl backup_to_purple Replication active
[14:34:21] Idle check: zrepl backup_to_purple Replication active
[14:34:52] Idle check: zrepl backup_to_purple Replication active
[14:35:22] Idle check: zrepl backup_to_purple Replication active
[14:35:53] Idle check: zrepl backup_to_purple Replication active
[14:36:24] Idle check: zrepl backup_to_purple Replication active
[14:36:55] Idle check: zrepl backup_to_purple Replication active
[14:37:26] Idle check: zrepl backup_to_purple Replication active
[14:37:56] Idle check: zrepl backup_to_purple Replication active
[14:38:27] Idle check: zrepl backup_to_purple Replication active
[14:38:58] Idle check: zrepl backup_to_purple Replication active
[14:39:29] Idle check: zrepl backup_to_purple Replication active
[14:40:00] Idle check: zrepl backup_to_purple Replication active
[14:40:31] Idle check: zrepl backup_to_purple Replication active
[14:41:01] Idle check: zrepl backup_to_purple Replication active
[14:41:32] Idle check: zrepl backup_to_purple Replication active
[14:42:03] Idle check: zrepl backup_to_purple Replication active
[14:42:34] Idle check: zrepl backup_to_purple Replication active
[14:43:05] Idle check: zrepl backup_to_purple Replication active
[14:43:35] Idle check: zrepl backup_to_purple Replication active
[14:44:06] Idle check: zrepl backup_to_purple Replication active
[14:44:37] Idle check: zrepl backup_to_purple Replication active
[14:45:08] Idle check: zrepl backup_to_purple Replication active
[14:45:39] Idle check: zrepl backup_to_purple Replication active
[14:46:09] Idle check: zrepl backup_to_purple Replication active
[14:46:40] Idle check: zrepl backup_to_purple Replication active
[14:47:11] Idle check: zrepl backup_to_purple Replication active
[14:47:42] Idle check: zrepl backup_to_purple Replication active
[14:48:13] Idle check: zrepl backup_to_purple Replication active
[14:48:43] Idle check: zrepl backup_to_purple Replication active
[14:49:14] Idle check: zrepl backup_to_purple Replication active
[14:49:45] Idle check: zrepl backup_to_purple Replication active
[14:50:16] Idle check: zrepl backup_to_purple Replication active
[14:50:47] Idle check: zrepl backup_to_purple Replication active
[14:51:17] Idle check: zrepl backup_to_purple Replication active
[14:51:48] Idle check: zrepl backup_to_purple Replication active
[14:52:19] Idle check: zrepl backup_to_purple Replication active
[14:52:50] Idle check: zrepl backup_to_purple Replication active
[14:53:21] Idle check: zrepl backup_to_purple Replication active
[14:53:51] Idle check: zrepl backup_to_purple Replication active
[14:54:22] Idle check: zrepl backup_to_purple Replication active
[14:54:53] Idle check: zrepl backup_to_purple Replication active
[14:55:24] Idle check: zrepl backup_to_purple Replication active
[14:55:55] Idle check: zrepl backup_to_purple Replication active
[14:56:25] Idle check: zrepl backup_to_purple Replication active
[14:56:56] Idle check: zrepl backup_to_purple Replication active
[14:57:27] Idle check: zrepl backup_to_purple Replication active
[14:57:58] Idle check: zrepl backup_to_purple Replication active
[14:58:29] Idle check: zrepl backup_to_purple Replication active
[14:59:00] Idle check: zrepl backup_to_purple Replication active
[14:59:30] Idle check: zrepl backup_to_purple Replication active
[15:00:01] Idle check: zrepl backup_to_purple Replication active
[15:00:32] Idle check: zrepl backup_to_purple Replication active
[15:01:03] Idle check: zrepl backup_to_purple Replication active
[15:01:34] Idle check: zrepl backup_to_purple Replication active
[15:02:04] Idle check: zrepl backup_to_purple Replication active
[15:02:35] Idle check: zrepl backup_to_purple Replication active
[15:03:06] Idle check: zrepl backup_to_purple Replication active
[15:03:37] Idle check: zrepl backup_to_purple Replication active
[15:04:08] Idle check: zrepl backup_to_purple Replication active
[15:04:39] Idle check: zrepl backup_to_purple Replication active
[15:05:09] Idle check: zrepl backup_to_purple Replication active
[15:05:40] Idle check: zrepl backup_to_purple Replication active
[15:06:11] Idle check: zrepl backup_to_purple Replication active
[15:06:42] Idle check: zrepl backup_to_purple Replication active
[15:07:12] Idle check: zrepl backup_to_purple Replication active
[15:07:43] Idle check: zrepl backup_to_purple Replication active
[15:08:14] Idle check: zrepl backup_to_purple Replication active
[15:08:45] Idle check: zrepl backup_to_purple Replication active
[15:09:16] Idle check: zrepl backup_to_purple Replication active
[15:09:47] Idle check: zrepl backup_to_purple Replication active
[15:10:17] Idle check: zrepl backup_to_purple Replication active
[15:10:48] Idle check: zrepl backup_to_purple Replication active
[15:11:19] Idle check: zrepl backup_to_purple Replication active
[15:11:50] Idle check: zrepl backup_to_purple Replication active
[15:12:21] Idle check: zrepl backup_to_purple Replication active
[15:12:51] Idle check: zrepl backup_to_purple Replication active
[15:13:22] Idle check: zrepl backup_to_purple Replication active
[15:13:53] Idle check: zrepl backup_to_purple Replication active
[15:14:24] Idle check: zrepl backup_to_purple Replication active
[15:14:55] Idle check: zrepl backup_to_purple Replication active
[15:15:26] Idle check: zrepl backup_to_purple Replication active
[15:15:56] Idle check: zrepl backup_to_purple Replication active
[15:16:27] Idle check: zrepl backup_to_purple Replication active
[15:16:58] Idle check: zrepl backup_to_purple Replication active
[15:17:29] Idle check: zrepl backup_to_purple Replication active
[15:18:00] Idle check: zrepl backup_to_purple Replication active
[15:18:30] Idle check: zrepl backup_to_purple Replication active
[15:19:01] Idle check: zrepl backup_to_purple Replication active
[15:19:32] Idle check: zrepl backup_to_purple Replication active
[15:20:03] Idle check: zrepl backup_to_purple Replication active
[15:20:34] Idle check: zrepl backup_to_purple Replication active
[15:21:05] Idle check: zrepl backup_to_purple Replication active
[15:21:35] Idle check: zrepl backup_to_purple Replication active
[15:22:06] Idle check: zrepl backup_to_purple Replication active
[15:22:37] Idle check: zrepl backup_to_purple Replication active
[15:23:08] Idle check: zrepl backup_to_purple Replication active
[15:23:39] Idle check: zrepl backup_to_purple Replication active
[15:24:10] Idle check: zrepl backup_to_purple Replication active
[15:24:40] Idle check: zrepl backup_to_purple Replication active
[15:25:11] Idle check: zrepl backup_to_purple Replication active
[15:25:42] Idle check: zrepl backup_to_purple Replication active
[15:26:13] Idle check: zrepl backup_to_purple Replication active
[15:26:44] Idle check: zrepl backup_to_purple Replication active
[15:27:14] Idle check: zrepl backup_to_purple Replication active
[15:27:45] Idle check: zrepl backup_to_purple Replication active
[15:28:16] Idle check: zrepl backup_to_purple Replication active
[15:28:47] Idle check: zrepl backup_to_purple Replication active
[15:29:18] Idle check: zrepl backup_to_purple Replication active
[15:29:48] Idle check: zrepl backup_to_purple Replication active
[15:30:19] Idle check: zrepl backup_to_purple Replication active
[15:30:50] Idle check: zrepl backup_to_purple Replication active
[15:31:21] Idle check: zrepl backup_to_purple Replication active
[15:31:52] Idle check: zrepl backup_to_purple Replication active
[15:32:23] Idle check: zrepl backup_to_purple Replication active
[15:32:53] Idle check: zrepl backup_to_purple Replication active
[15:33:24] Idle check: zrepl backup_to_purple Replication active
[15:33:55] Idle check: zrepl backup_to_purple Replication active
[15:34:26] Idle check: zrepl backup_to_purple Replication active
[15:34:57] Idle check: zrepl backup_to_purple Replication active
[15:35:27] Idle check: zrepl backup_to_purple Replication active
[15:35:58] Idle check: zrepl backup_to_purple Replication active
[15:36:29] Idle check: zrepl backup_to_purple Replication active
[15:37:00] Idle check: zrepl backup_to_purple Replication active
[15:37:31] Idle check: zrepl backup_to_purple Replication active
[15:38:02] Idle check: zrepl backup_to_purple Replication active
[15:38:32] Idle check: zrepl backup_to_purple Replication active
[15:39:03] Idle check: zrepl backup_to_purple Replication active
[15:39:34] Idle check: zrepl backup_to_purple Replication active
[15:40:05] Idle check: zrepl backup_to_purple Replication active
[15:40:36] Idle check: zrepl backup_to_purple Replication active
[15:41:06] Idle check: zrepl backup_to_purple Replication active
[15:41:37] Idle check: zrepl backup_to_purple Replication active
[15:42:08] Idle check: zrepl backup_to_purple Replication active
[15:42:39] Idle check: zrepl backup_to_purple Replication active
[15:43:10] Idle check: zrepl backup_to_purple Replication active
[15:43:41] Idle check: zrepl backup_to_purple Replication active
[15:44:11] Idle check: zrepl backup_to_purple Replication active
[15:44:42] Idle check: zrepl backup_to_purple Replication active
[15:45:13] Idle check: zrepl backup_to_purple Replication active
[15:45:44] Idle check: zrepl backup_to_purple Replication active
[15:46:15] Idle check: zrepl backup_to_purple Replication active
[15:46:45] Idle check: zrepl backup_to_purple Replication active
[15:47:16] Idle check: zrepl backup_to_purple Replication active
[15:47:47] Idle check: zrepl backup_to_purple Replication active
[15:48:18] Idle check: zrepl backup_to_purple Replication active
[15:48:49] Idle check: zrepl backup_to_purple Replication active
[15:49:20] Idle check: zrepl backup_to_purple Replication active
[15:49:50] Idle check: zrepl backup_to_purple Replication active
[15:50:21] Idle check: zrepl backup_to_purple Replication active
[15:50:52] Idle check: zrepl backup_to_purple Replication active
[15:51:23] Idle check: zrepl backup_to_purple Replication active
[15:51:54] Idle check: zrepl backup_to_purple Replication active
[15:52:24] Idle check: zrepl backup_to_purple Replication active
[15:52:55] Idle check: zrepl backup_to_purple Replication active
[15:53:26] Idle check: zrepl backup_to_purple Replication active
[15:53:57] Idle check: zrepl backup_to_purple Replication active
[15:54:28] Idle check: zrepl backup_to_purple Replication active
[15:54:59] Idle check: zrepl backup_to_purple Replication active
[15:55:29] Idle check: zrepl backup_to_purple Replication active
[15:56:00] Idle check: zrepl backup_to_purple Replication active
[15:56:31] Idle check: zrepl backup_to_purple Replication active
[15:57:02] Idle check: zrepl backup_to_purple Replication active
[15:57:33] Idle check: zrepl backup_to_purple Replication active
[15:58:04] Idle check: zrepl backup_to_purple Replication active
[15:58:34] Idle check: zrepl backup_to_purple Replication active
[15:59:05] Idle check: zrepl backup_to_purple Replication active
[15:59:36] Idle check: zrepl backup_to_purple Replication active
[16:00:07] Idle check: zrepl backup_to_purple Replication active
[16:00:38] Idle check: zrepl backup_to_purple Replication active
[16:01:08] Idle check: zrepl backup_to_purple Replication active
[16:01:39] Idle check: zrepl backup_to_purple Replication active
[16:02:10] Idle check: zrepl backup_to_purple Replication active
[16:02:41] Idle check: zrepl backup_to_purple Replication active
[16:03:12] Idle check: zrepl backup_to_purple Replication active
[16:03:42] Idle check: zrepl backup_to_purple Replication active
[16:04:13] Idle check: zrepl backup_to_purple Replication active
[16:04:44] Idle check: zrepl backup_to_purple Replication active
[16:05:15] Idle check: zrepl backup_to_purple Replication active
[16:05:46] Idle check: zrepl backup_to_purple Replication active
[16:06:17] Idle check: zrepl backup_to_purple Replication active
[16:06:47] Idle check: zrepl backup_to_purple Replication active
[16:07:18] Idle check: zrepl backup_to_purple Replication active
[16:07:49] Idle check: zrepl backup_to_purple Replication active
[16:08:20] Idle check: zrepl backup_to_purple Replication active
[16:08:51] Idle check: zrepl backup_to_purple Replication active
[16:09:21] Idle check: zrepl backup_to_purple Replication active
[16:09:52] Idle check: zrepl backup_to_purple Replication active
[16:10:23] Idle check: zrepl backup_to_purple Replication active
[16:10:54] Idle check: zrepl backup_to_purple Replication active
[16:11:25] Idle check: zrepl backup_to_purple Replication active
[16:11:55] Idle check: zrepl backup_to_purple Replication active
[16:12:26] Idle check: zrepl backup_to_purple Replication active
[16:12:57] Idle check: zrepl backup_to_purple Replication active
[16:13:28] Idle check: zrepl backup_to_purple Replication active
[16:13:59] Idle check: zrepl backup_to_purple Replication active
[16:14:30] Idle check: zrepl backup_to_purple Replication active
[16:15:00] Idle check: zrepl backup_to_purple Replication active
[16:15:31] Idle check: zrepl backup_to_purple Replication active
[16:16:02] Idle check: zrepl backup_to_purple Replication active
[16:16:33] Idle check: zrepl backup_to_purple Replication active
[16:17:04] Idle check: zrepl backup_to_purple Replication active
[16:17:34] Idle check: zrepl backup_to_purple Replication active
[16:18:05] Idle check: zrepl backup_to_purple Replication active
[16:18:36] Idle check: zrepl backup_to_purple Replication active
[16:19:07] Idle check: zrepl backup_to_purple Replication active
[16:19:38] Idle check: zrepl backup_to_purple Replication active
[16:20:08] Idle check: zrepl backup_to_purple Replication active
[16:20:39] Idle check: zrepl backup_to_purple Replication active
[16:21:10] Idle check: zrepl backup_to_purple Replication active
[16:21:41] Idle check: zrepl backup_to_purple Replication active
[16:22:12] Idle check: zrepl backup_to_purple Replication active
[16:22:43] Idle check: zrepl backup_to_purple Replication active
[16:23:13] Idle check: zrepl backup_to_purple Replication active
[16:23:44] Idle check: zrepl backup_to_purple Replication active
[16:24:15] Idle check: zrepl backup_to_purple Replication active
[16:24:46] Idle check: zrepl backup_to_purple Replication active
[16:25:17] Idle check: zrepl backup_to_purple Replication active
[16:25:47] Idle check: zrepl backup_to_purple Replication active
[16:26:18] Idle check: zrepl backup_to_purple Replication active
[16:26:49] Idle check: zrepl backup_to_purple Replication active
[16:27:20] Idle check: zrepl backup_to_purple Replication active
[16:27:51] Idle check: zrepl backup_to_purple Replication active
[16:28:22] Idle check: zrepl backup_to_purple Replication active
[16:28:52] Idle check: zrepl backup_to_purple Replication active
[16:29:23] Idle check: zrepl backup_to_purple Replication active
[16:29:54] Idle check: zrepl backup_to_purple Replication active
[16:30:25] Idle check: zrepl backup_to_purple Replication active
[16:30:56] Idle check: zrepl backup_to_purple Replication active
[16:31:26] Idle check: zrepl backup_to_purple Replication active
[16:31:57] Idle check: zrepl backup_to_purple Replication active
[16:32:28] Idle check: zrepl backup_to_purple Replication active
[16:32:59] Idle check: zrepl backup_to_purple Replication active
[16:33:30] Idle check: zrepl backup_to_purple Replication active
[16:34:00] Idle check: zrepl backup_to_purple Replication active
[16:34:31] Idle check: zrepl backup_to_purple Replication active
[16:35:02] Idle check: zrepl backup_to_purple Replication active
[16:35:33] Idle check: zrepl backup_to_purple Replication active
[16:36:04] Idle check: zrepl backup_to_purple Replication active
[16:36:35] Idle check: zrepl backup_to_purple Replication active
[16:37:05] Idle check: zrepl backup_to_purple Replication active
[16:37:36] Idle check: zrepl backup_to_purple Replication active
[16:38:07] Idle check: zrepl backup_to_purple Replication active
[16:38:38] Idle check: zrepl backup_to_purple Replication active
[16:39:09] Idle check: zrepl backup_to_purple Replication active
[16:39:39] Idle check: zrepl backup_to_purple Replication active
[16:40:10] Idle check: zrepl backup_to_purple Replication active
[16:40:41] Idle check: zrepl backup_to_purple Replication active
[16:41:12] Idle check: zrepl backup_to_purple Replication active
[16:41:43] Idle check: zrepl backup_to_purple Replication active
[16:42:14] Idle check: zrepl backup_to_purple Replication active
[16:42:44] Idle check: zrepl backup_to_purple Replication active
[16:43:15] Idle check: zrepl backup_to_purple Replication active
[16:43:46] Idle check: zrepl backup_to_purple Replication active
[16:44:17] Idle check: zrepl backup_to_purple Replication active
[16:44:48] Idle check: zrepl backup_to_purple Replication active
[16:45:18] Idle check: zrepl backup_to_purple Replication active
[16:45:49] Idle check: zrepl backup_to_purple Replication active
[16:46:20] Idle check: zrepl backup_to_purple Replication active
[16:46:51] Idle check: zrepl backup_to_purple Replication active
[16:47:22] Idle check: zrepl backup_to_purple Replication active
[16:47:53] Idle check: zrepl backup_to_purple Replication active
[16:48:23] Idle check: zrepl backup_to_purple Replication active
[16:48:54] Idle check: zrepl backup_to_purple Replication active
[16:49:25] Idle check: zrepl backup_to_purple Replication active
[16:49:56] Idle check: zrepl backup_to_purple Replication active
[16:50:27] Idle check: zrepl backup_to_purple Replication active
[16:50:57] Idle check: zrepl backup_to_purple Replication active
[16:51:28] Idle check: zrepl backup_to_purple Replication active
[16:51:59] Idle check: zrepl backup_to_purple Replication active
[16:52:30] Idle check: zrepl backup_to_purple Replication active
[16:53:01] Idle check: zrepl backup_to_purple Replication active
[16:53:31] Idle check: zrepl backup_to_purple Replication active
[16:54:02] Idle check: zrepl backup_to_purple Replication active
[16:54:33] Idle check: zrepl backup_to_purple Replication active
[16:55:04] Idle check: zrepl backup_to_purple Replication active
[16:55:35] Idle check: zrepl backup_to_purple Replication active
[16:56:05] Idle check: zrepl backup_to_purple Replication active
[16:56:36] Idle check: zrepl backup_to_purple Replication active
[16:57:07] Idle check: zrepl backup_to_purple Replication active
[16:57:38] Idle check: zrepl backup_to_purple Replication active
[16:58:09] Idle check: zrepl backup_to_purple Replication active
[16:58:40] Idle check: zrepl backup_to_purple Replication active
[16:59:10] Idle check: zrepl backup_to_purple Replication active
[16:59:41] Idle check: zrepl backup_to_purple Replication active
[17:00:12] Idle check: zrepl backup_to_purple Replication active
[17:00:43] Idle check: zrepl backup_to_purple Replication active
[17:01:14] Idle check: zrepl backup_to_purple Replication active
[17:01:45] Idle check: zrepl backup_to_purple Replication active
[17:02:15] Idle check: zrepl backup_to_purple Replication active
[17:02:46] Idle check: zrepl backup_to_purple Replication active
[17:03:17] Idle check: zrepl backup_to_purple Replication active
[17:03:48] Idle check: zrepl backup_to_purple Replication active
[17:04:19] Idle check: zrepl backup_to_purple Replication active
[17:04:49] Idle check: zrepl backup_to_purple Replication active
[17:05:20] Idle check: zrepl backup_to_purple Replication active
[17:05:51] Idle check: zrepl backup_to_purple Replication active
[17:06:22] Idle check: zrepl backup_to_purple Replication active
[17:06:53] Idle check: zrepl backup_to_purple Replication active
[17:07:24] Idle check: zrepl backup_to_purple Replication active
[17:07:54] Idle check: zrepl backup_to_purple Replication active
[17:08:25] Idle check: zrepl backup_to_purple Replication active
[17:08:56] Idle check: zrepl backup_to_purple Replication active
[17:09:27] Idle check: zrepl backup_to_purple Replication active
[17:09:58] Idle check: zrepl backup_to_purple Replication active
[17:10:28] Idle check: zrepl backup_to_purple Replication active
[17:10:59] Idle check: zrepl backup_to_purple Replication active
[17:11:30] Idle check: zrepl backup_to_purple Replication active
[17:12:01] Idle check: zrepl backup_to_purple Replication active
[17:12:32] Idle check: zrepl backup_to_purple Replication active
[17:13:02] Idle check: zrepl backup_to_purple Replication active
[17:13:33] Idle check: zrepl backup_to_purple Replication active
[17:14:04] Idle check: zrepl backup_to_purple Replication active
[17:14:35] Idle check: zrepl backup_to_purple Replication active
[17:15:06] Idle check: zrepl backup_to_purple Replication active
[17:15:37] Idle check: zrepl backup_to_purple Replication active
[17:16:07] Idle check: zrepl backup_to_purple Replication active
[17:16:38] Idle check: zrepl backup_to_purple Replication active
[17:17:09] Idle check: zrepl backup_to_purple Replication active
[17:17:40] Idle check: zrepl backup_to_purple Replication active
[17:18:11] Idle check: zrepl backup_to_purple Replication active
[17:18:41] Idle check: zrepl backup_to_purple Replication active
[17:19:12] Idle check: zrepl backup_to_purple Replication active
[17:19:43] Idle check: zrepl backup_to_purple Replication active
[17:20:14] Idle check: zrepl backup_to_purple Replication active
[17:20:45] Idle check: zrepl backup_to_purple Replication active
[17:21:16] Idle check: zrepl backup_to_purple Replication active
[17:21:46] Idle check: zrepl backup_to_purple Replication active
[17:22:17] Idle check: zrepl backup_to_purple Replication active
[17:22:48] Idle check: zrepl backup_to_purple Replication active
[17:23:19] Idle check: zrepl backup_to_purple Replication active
[17:23:50] Idle check: zrepl backup_to_purple Replication active
[17:24:20] Idle check: zrepl backup_to_purple Replication active
[17:24:51] Idle check: zrepl backup_to_purple Replication active
[17:25:22] Idle check: zrepl backup_to_purple Replication active
[17:25:53] Idle check: zrepl backup_to_purple Replication active
[17:26:24] Idle check: zrepl backup_to_purple Replication active
[17:26:55] Idle check: zrepl backup_to_purple Replication active
[17:27:25] Idle check: zrepl backup_to_purple Replication active
[17:27:56] Idle check: zrepl backup_to_purple Replication active
[17:28:27] Idle check: zrepl backup_to_purple Replication active
[17:28:58] Idle check: zrepl backup_to_purple Replication active
[17:29:29] Idle check: zrepl backup_to_purple Replication active
[17:30:00] Idle check: zrepl backup_to_purple Replication active
[17:30:30] Idle check: zrepl backup_to_purple Replication active
[17:31:01] Idle check: zrepl backup_to_purple Replication active
[17:31:32] Idle check: zrepl backup_to_purple Replication active
[17:32:03] Idle check: zrepl backup_to_purple Replication active
[17:32:34] Idle check: zrepl backup_to_purple Replication active
[17:33:04] Idle check: zrepl backup_to_purple Replication active
[17:33:35] Idle check: zrepl backup_to_purple Replication active
[17:34:06] Idle check: zrepl backup_to_purple Replication active
[17:34:37] Idle check: zrepl backup_to_purple Replication active
[17:35:08] Idle check: zrepl backup_to_purple Replication active
[17:35:39] Idle check: zrepl backup_to_purple Replication active
[17:36:09] Idle check: zrepl backup_to_purple Replication active
[17:36:40] Idle check: zrepl backup_to_purple Replication active
[17:37:11] Idle check: zrepl backup_to_purple Replication active
[17:37:42] Idle check: zrepl backup_to_purple Replication active
[17:38:13] Idle check: zrepl backup_to_purple Replication active
[17:38:43] Idle check: zrepl backup_to_purple Replication active
[17:39:14] Idle check: zrepl backup_to_purple Replication active
[17:39:45] Idle check: zrepl backup_to_purple Replication active
[17:40:16] Idle check: zrepl backup_to_purple Replication active
[17:40:47] Idle check: zrepl backup_to_purple Replication active
[17:41:18] Idle check: zrepl backup_to_purple Replication active
[17:41:48] Idle check: zrepl backup_to_purple Replication active
[17:42:19] Idle check: zrepl backup_to_purple Replication active
[17:42:50] Idle check: zrepl backup_to_purple Replication active
[17:43:21] Idle check: zrepl backup_to_purple Replication active
[17:43:52] Idle check: zrepl backup_to_purple Replication active
[17:44:22] Idle check: zrepl backup_to_purple Replication active
[17:44:53] Idle check: zrepl backup_to_purple Replication active
[17:45:24] Idle check: zrepl backup_to_purple Replication active
[17:45:55] Idle check: zrepl backup_to_purple Replication active
[17:46:26] Idle check: zrepl backup_to_purple Replication active
[17:46:57] Idle check: zrepl backup_to_purple Replication active
[17:47:27] Idle check: zrepl backup_to_purple Replication active
[17:47:58] Idle check: zrepl backup_to_purple Replication active
[17:48:29] Idle check: zrepl backup_to_purple Replication active
[17:49:00] Idle check: zrepl backup_to_purple Replication active
[17:49:31] Idle check: zrepl backup_to_purple Replication active
[17:50:01] Idle check: zrepl backup_to_purple Replication active
[17:50:32] Idle check: zrepl backup_to_purple Replication active
[17:51:03] Idle check: zrepl backup_to_purple Replication active
[17:51:34] Idle check: zrepl backup_to_purple Replication active
[17:52:05] Idle check: zrepl backup_to_purple Replication active
[17:52:36] Idle check: zrepl backup_to_purple Replication active
[17:53:06] Idle check: zrepl backup_to_purple Replication active
[17:53:37] Idle check: zrepl backup_to_purple Replication active
[17:54:08] Idle check: zrepl backup_to_purple Replication active
[17:54:39] Idle check: zrepl backup_to_purple Replication active
[17:55:10] Idle check: zrepl backup_to_purple Replication active
[17:55:41] Idle check: zrepl backup_to_purple Replication active
[17:56:11] Idle check: zrepl backup_to_purple Replication active
[17:56:42] Idle check: zrepl backup_to_purple Replication active
[17:57:13] Idle check: zrepl backup_to_purple Replication active
[17:57:44] Idle check: zrepl backup_to_purple Replication active
[17:58:15] Idle check: zrepl backup_to_purple Replication active
[17:58:45] Idle check: zrepl backup_to_purple Replication active
[17:59:16] Idle check: zrepl backup_to_purple Replication active
[17:59:47] Idle check: zrepl backup_to_purple Replication active
[18:00:18] Idle check: zrepl backup_to_purple Replication active
[18:00:49] Idle check: zrepl backup_to_purple Replication active
[18:01:20] Idle check: zrepl backup_to_purple Replication active
[18:01:50] Idle check: zrepl backup_to_purple Replication active
[18:02:21] Idle check: zrepl backup_to_purple Replication active
[18:02:52] Idle check: zrepl backup_to_purple Replication active
[18:03:23] Idle check: zrepl backup_to_purple Replication active
[18:03:54] Idle check: zrepl backup_to_purple Replication active
[18:04:24] Idle check: zrepl backup_to_purple Replication active
[18:04:55] Idle check: zrepl backup_to_purple Replication active
[18:05:26] Idle check: zrepl backup_to_purple Replication active
[18:05:57] Idle check: zrepl backup_to_purple Replication active
[18:06:28] Idle check: zrepl backup_to_purple Replication active
[18:06:58] Idle check: zrepl backup_to_purple Replication active
[18:07:29] Idle check: zrepl backup_to_purple Replication active
[18:08:00] Idle check: zrepl backup_to_purple Replication active
[18:08:31] Idle check: zrepl backup_to_purple Replication active
[18:09:02] Idle check: zrepl backup_to_purple Replication active
[18:09:32] Idle check: zrepl backup_to_purple Replication active
[18:10:03] Idle check: zrepl backup_to_purple Replication active
[18:10:34] Idle check: zrepl backup_to_purple Replication active
[18:11:05] Idle check: zrepl backup_to_purple Replication active
[18:11:36] Idle check: zrepl backup_to_purple Replication active
[18:12:07] Idle check: zrepl backup_to_purple Replication active
[18:12:37] Idle check: zrepl backup_to_purple Replication active
[18:13:08] Idle check: zrepl backup_to_purple Replication active
[18:13:39] Idle check: zrepl backup_to_purple Replication active
[18:14:10] Idle check: zrepl backup_to_purple Replication active
[18:14:41] Idle check: zrepl backup_to_purple Replication active
[18:15:11] Idle check: zrepl backup_to_purple Replication active
[18:15:42] Idle check: zrepl backup_to_purple Replication active
[18:16:13] Idle check: zrepl backup_to_purple Replication active
[18:16:44] Idle check: zrepl backup_to_purple Replication active
[18:17:15] Idle check: zrepl backup_to_purple Replication active
[18:17:45] Idle check: zrepl backup_to_purple Replication active
[18:18:16] Idle check: zrepl backup_to_purple Replication active
[18:18:47] Idle check: zrepl backup_to_purple Replication active
[18:19:18] Idle check: zrepl backup_to_purple Replication active
[18:19:49] Idle check: zrepl backup_to_purple Replication active
[18:20:19] Idle check: zrepl backup_to_purple Replication active
[18:20:50] Idle check: zrepl backup_to_purple Replication active
[18:21:21] Idle check: zrepl backup_to_purple Replication active
[18:21:52] Idle check: zrepl backup_to_purple Replication active
[18:22:23] Idle check: zrepl backup_to_purple Replication active
[18:22:54] Idle check: zrepl backup_to_purple Replication active
[18:23:24] Idle check: zrepl backup_to_purple Replication active
[18:23:55] Idle check: zrepl backup_to_purple Replication active
[18:24:26] Idle check: zrepl backup_to_purple Replication active
[18:24:57] Idle check: zrepl backup_to_purple Replication active
[18:25:28] Idle check: zrepl backup_to_purple Replication active
[18:25:58] Idle check: zrepl backup_to_purple Replication active
[18:26:29] Idle check: zrepl backup_to_purple Replication active
[18:27:00] Idle check: zrepl backup_to_purple Replication active
[18:27:31] Idle check: zrepl backup_to_purple Replication active
[18:28:02] Idle check: zrepl backup_to_purple Replication active
[18:28:32] Idle check: zrepl backup_to_purple Replication active
[18:29:03] Idle check: zrepl backup_to_purple Replication active
[18:29:34] Idle check: zrepl backup_to_purple Replication active
[18:30:05] Idle check: zrepl backup_to_purple Replication active
[18:30:36] Idle check: zrepl backup_to_purple Replication active
[18:31:07] Idle check: zrepl backup_to_purple Replication active
[18:31:37] Idle check: zrepl backup_to_purple Replication active
[18:32:08] Idle check: zrepl backup_to_purple Replication active
[18:32:39] Idle check: zrepl backup_to_purple Replication active
[18:33:10] Idle check: zrepl backup_to_purple Replication active
[18:33:41] Idle check: zrepl backup_to_purple Replication active
[18:34:11] Idle check: zrepl backup_to_purple Replication active
[18:34:42] Idle check: zrepl backup_to_purple Replication active
[18:35:13] Idle check: zrepl backup_to_purple Replication active
[18:35:44] Idle check: zrepl backup_to_purple Replication active
[18:36:15] Idle check: zrepl backup_to_purple Replication active
[18:36:45] Idle check: zrepl backup_to_purple Replication active
[18:37:16] Idle check: zrepl backup_to_purple Replication active
[18:37:47] Idle check: zrepl backup_to_purple Replication active
[18:38:18] Idle check: zrepl backup_to_purple Replication active
[18:38:49] Idle check: zrepl backup_to_purple Replication active
[18:39:20] Idle check: zrepl backup_to_purple Replication active
[18:39:50] Idle check: zrepl backup_to_purple Replication active
[18:40:21] Idle check: zrepl backup_to_purple Replication active
[18:40:52] Idle check: zrepl backup_to_purple Replication active
[18:41:23] Idle check: zrepl backup_to_purple Replication active
[18:41:54] Idle check: zrepl backup_to_purple Replication active
[18:42:24] Idle check: zrepl backup_to_purple Replication active
[18:42:55] Idle check: zrepl backup_to_purple Replication active
[18:43:26] Idle check: zrepl backup_to_purple Replication active
[18:43:57] Idle check: zrepl backup_to_purple Replication active
[18:44:28] Idle check: zrepl backup_to_purple Replication active
[18:44:58] Idle check: zrepl backup_to_purple Replication active
[18:45:29] Idle check: zrepl backup_to_purple Replication active
[18:46:00] Idle check: zrepl backup_to_purple Replication active
[18:46:31] Idle check: zrepl backup_to_purple Replication active
[18:47:02] Idle check: zrepl backup_to_purple Replication active
[18:47:33] Idle check: zrepl backup_to_purple Replication active
[18:48:03] Idle check: zrepl backup_to_purple Replication active
[18:48:34] Idle check: zrepl backup_to_purple Replication active
[18:49:05] Idle check: zrepl backup_to_purple Replication active
[18:49:36] Idle check: zrepl backup_to_purple Replication active
[18:50:07] Idle check: zrepl backup_to_purple Replication active
[18:50:37] Idle check: zrepl backup_to_purple Replication active
[18:51:08] Idle check: zrepl backup_to_purple Replication active
[18:51:39] Idle check: zrepl backup_to_purple Replication active
[18:52:10] Idle check: zrepl backup_to_purple Replication active
[18:52:41] Idle check: zrepl backup_to_purple Replication active
[18:53:11] Idle check: zrepl backup_to_purple Replication active
[18:53:42] Idle check: zrepl backup_to_purple Replication active
[18:54:13] Idle check: zrepl backup_to_purple Replication active
[18:54:44] Idle check: zrepl backup_to_purple Replication active
[18:55:15] Idle check: zrepl backup_to_purple Replication active
[18:55:46] Idle check: zrepl backup_to_purple Replication active
[18:56:16] Idle check: zrepl backup_to_purple Replication active
[18:56:47] Idle check: zrepl backup_to_purple Replication active
[18:57:18] Idle check: zrepl backup_to_purple Replication active
[18:57:49] Idle check: zrepl backup_to_purple Replication active
[18:58:20] Idle check: zrepl backup_to_purple Replication active
[18:58:50] Idle check: zrepl backup_to_purple Replication active
[18:59:21] Idle check: zrepl backup_to_purple Replication active
[18:59:52] Idle check: zrepl backup_to_purple Replication active
[19:00:23] Idle check: zrepl backup_to_purple Replication active
[19:00:54] Idle check: zrepl backup_to_purple Replication active
[19:01:25] Idle check: zrepl backup_to_purple Replication active
[19:01:55] Idle check: zrepl backup_to_purple Replication active
[19:02:26] Idle check: zrepl backup_to_purple Replication active
[19:02:57] Idle check: zrepl backup_to_purple Replication active
[19:03:28] Idle check: zrepl backup_to_purple Replication active
[19:03:59] Idle check: zrepl backup_to_purple Replication active
[19:04:29] Idle check: zrepl backup_to_purple Replication active
[19:05:00] Idle check: zrepl backup_to_purple Replication active
[19:05:31] Idle check: zrepl backup_to_purple Replication active
[19:06:02] Idle check: zrepl backup_to_purple Replication active
[19:06:33] Idle check: zrepl backup_to_purple Replication active
[19:07:04] Idle check: zrepl backup_to_purple Replication active
[19:07:34] Idle check: zrepl backup_to_purple Replication active
[19:08:05] Idle check: zrepl backup_to_purple Replication active
[19:08:36] Idle check: zrepl backup_to_purple Replication active
[19:09:07] Idle check: zrepl backup_to_purple Replication active
[19:09:38] Idle check: zrepl backup_to_purple Replication active
[19:10:08] Idle check: zrepl backup_to_purple Replication active
[19:10:39] Idle check: zrepl backup_to_purple Replication active
[19:11:10] Idle check: zrepl backup_to_purple Replication active
[19:11:41] Idle check: zrepl backup_to_purple Replication active
[19:12:12] Idle check: zrepl backup_to_purple Replication active
[19:12:42] Idle check: zrepl backup_to_purple Replication active
[19:13:13] Idle check: zrepl backup_to_purple Replication active
[19:13:44] Idle check: zrepl backup_to_purple Replication active
[19:14:15] Idle check: zrepl backup_to_purple Replication active
[19:14:46] Idle check: zrepl backup_to_purple Replication active
[19:15:17] Idle check: zrepl backup_to_purple Replication active
[19:15:47] Idle check: zrepl backup_to_purple Replication active
[19:16:18] Idle check: zrepl backup_to_purple Replication active
[19:16:49] Idle check: zrepl backup_to_purple Replication active
[19:17:20] Idle check: zrepl backup_to_purple Replication active
[19:17:51] Idle check: zrepl backup_to_purple Replication active
[19:18:22] Idle check: zrepl backup_to_purple Replication active
[19:18:52] Idle check: zrepl backup_to_purple Replication active
[19:19:23] Idle check: zrepl backup_to_purple Replication active
[19:19:54] Idle check: zrepl backup_to_purple Replication active
[19:20:25] Idle check: zrepl backup_to_purple Replication active
[19:20:56] Idle check: zrepl backup_to_purple Replication active
[19:21:26] Idle check: zrepl backup_to_purple Replication active
[19:21:57] Idle check: zrepl backup_to_purple Replication active
[19:22:28] Idle check: zrepl backup_to_purple Replication active
[19:22:59] Idle check: zrepl backup_to_purple Replication active
[19:23:30] Idle check: zrepl backup_to_purple Replication active
[19:24:01] Idle check: zrepl backup_to_purple Replication active
[19:24:31] Idle check: zrepl backup_to_purple Replication active
[19:25:02] Idle check: zrepl backup_to_purple Replication active
[19:25:33] Idle check: zrepl backup_to_purple Replication active
[19:26:04] Idle check: zrepl backup_to_purple Replication active
[19:26:35] Idle check: zrepl backup_to_purple Replication active
[19:27:05] Idle check: zrepl backup_to_purple Replication active
[19:27:36] Idle check: zrepl backup_to_purple Replication active
[19:28:07] Idle check: zrepl backup_to_purple Replication active
[19:28:38] Idle check: zrepl backup_to_purple Replication active
[19:29:09] Idle check: zrepl backup_to_purple Replication active
[19:29:39] Idle check: zrepl backup_to_purple Replication active
[19:30:10] Idle check: zrepl backup_to_purple Replication active
[19:30:41] Idle check: zrepl backup_to_purple Replication active
[19:31:12] Idle check: zrepl backup_to_purple Replication active
[19:31:43] Idle check: zrepl backup_to_purple Replication active
[19:32:13] Idle check: zrepl backup_to_purple Replication active
[19:32:44] Idle check: zrepl backup_to_purple Replication active
[19:33:15] Idle check: zrepl backup_to_purple Replication active
[19:33:46] Idle check: zrepl backup_to_purple Replication active
[19:34:17] Idle check: zrepl backup_to_purple Replication active
[19:34:48] Idle check: zrepl backup_to_purple Replication active
[19:35:18] Idle check: zrepl backup_to_purple Replication active
[19:35:49] Idle check: zrepl backup_to_purple Replication active
[19:36:20] Idle check: zrepl backup_to_purple Replication active
[19:36:51] Idle check: zrepl backup_to_purple Replication active
[19:37:22] Idle check: zrepl backup_to_purple Replication active
[19:37:52] Idle check: zrepl backup_to_purple Replication active
[19:38:23] Idle check: zrepl backup_to_purple Replication active
[19:38:54] Idle check: zrepl backup_to_purple Replication active
[19:39:25] Idle check: zrepl backup_to_purple Replication active
[19:39:56] Idle check: zrepl backup_to_purple Replication active
[19:40:27] Idle check: zrepl backup_to_purple Replication active
[19:40:57] Idle check: zrepl backup_to_purple Replication active
[19:41:28] Idle check: zrepl backup_to_purple Replication active
[19:41:59] Idle check: zrepl backup_to_purple Replication active
[19:42:30] Idle check: zrepl backup_to_purple Replication active
[19:43:01] Idle check: zrepl backup_to_purple Replication active
[19:43:31] Idle check: zrepl backup_to_purple Replication active
[19:44:02] Idle check: zrepl backup_to_purple Replication active
[19:44:33] Idle check: zrepl backup_to_purple Replication active
[19:45:04] Idle check: zrepl backup_to_purple Replication active
[19:45:35] Idle check: zrepl backup_to_purple Replication active
[19:46:06] Idle check: zrepl backup_to_purple Replication active
[19:46:36] Idle check: zrepl backup_to_purple Replication active
[19:47:07] Idle check: zrepl backup_to_purple Replication active
[19:47:38] Idle check: zrepl backup_to_purple Replication active
[19:48:09] Idle check: zrepl backup_to_purple Replication active
[19:48:40] Idle check: zrepl backup_to_purple Replication active
[19:49:10] Idle check: zrepl backup_to_purple Replication active
[19:49:41] Idle check: zrepl backup_to_purple Replication active
[19:50:12] Idle check: zrepl backup_to_purple Replication active
[19:50:43] Idle check: zrepl backup_to_purple Replication active
[19:51:14] Idle check: zrepl backup_to_purple Replication active
[19:51:45] Idle check: zrepl backup_to_purple Replication active
[19:52:15] Idle check: zrepl backup_to_purple Replication active
[19:52:46] Idle check: zrepl backup_to_purple Replication active
[19:53:17] Idle check: zrepl backup_to_purple Replication active
[19:53:48] Idle check: zrepl backup_to_purple Replication active
[19:54:19] Idle check: zrepl backup_to_purple Replication active
[19:54:49] Idle check: zrepl backup_to_purple Replication active
[19:55:20] Idle check: zrepl backup_to_purple Replication active
[19:55:51] Idle check: zrepl backup_to_purple Replication active
[19:56:22] Idle check: zrepl backup_to_purple Replication active
[19:56:53] Idle check: zrepl backup_to_purple Replication active
[19:57:24] Idle check: zrepl backup_to_purple Replication active
[19:57:54] Idle check: zrepl backup_to_purple Replication active
[19:58:25] Idle check: zrepl backup_to_purple Replication active
[19:58:56] Idle check: zrepl backup_to_purple Replication active
[19:59:27] Idle check: zrepl backup_to_purple Replication active
[19:59:58] Idle check: zrepl backup_to_purple Replication active
[20:00:28] Idle check: zrepl backup_to_purple Replication active
[20:00:59] Idle check: zrepl backup_to_purple Replication active
[20:01:30] Idle check: zrepl backup_to_purple Replication active
[20:02:01] Idle check: zrepl backup_to_purple Replication active
[20:02:32] Idle check: zrepl backup_to_purple Replication active
[20:03:03] Idle check: zrepl backup_to_purple Replication active
[20:03:33] Idle check: zrepl backup_to_purple Replication active
[20:04:04] Idle check: zrepl backup_to_purple Replication active
[20:04:35] Idle check: zrepl backup_to_purple Replication active
[20:05:06] Idle check: zrepl backup_to_purple Replication active
[20:05:37] Idle check: zrepl backup_to_purple Replication active
[20:06:07] Idle check: zrepl backup_to_purple Replication active
[20:06:38] Idle check: zrepl backup_to_purple Replication active
[20:07:09] Idle check: zrepl backup_to_purple Replication active
[20:07:40] Idle check: zrepl backup_to_purple Replication active
[20:08:11] Idle check: zrepl backup_to_purple Replication active
[20:08:41] Idle check: zrepl backup_to_purple Replication active
[20:09:12] Idle check: zrepl backup_to_purple Replication active
[20:09:43] Idle check: zrepl backup_to_purple Replication active
[20:10:14] Idle check: zrepl backup_to_purple Replication active
[20:10:45] Idle check: zrepl backup_to_purple Replication active
[20:11:16] Idle check: zrepl backup_to_purple Replication active
[20:11:46] Idle check: zrepl backup_to_purple Replication active
[20:12:17] Idle check: zrepl backup_to_purple Replication active
[20:12:48] Idle check: zrepl backup_to_purple Replication active
[20:13:19] Idle check: zrepl backup_to_purple Replication active
[20:13:50] Idle check: zrepl backup_to_purple Replication active
[20:14:20] Idle check: zrepl backup_to_purple Replication active
[20:14:51] Idle check: zrepl backup_to_purple Replication active
[20:15:22] Idle check: zrepl backup_to_purple Replication active
[20:15:53] Idle check: zrepl backup_to_purple Replication active
[20:16:24] Idle check: zrepl backup_to_purple Replication active
[20:16:54] Idle check: zrepl backup_to_purple Replication active
[20:17:25] Idle check: zrepl backup_to_purple Replication active
[20:17:56] Idle check: zrepl backup_to_purple Replication active
[20:18:27] Idle check: zrepl backup_to_purple Replication active
[20:18:58] Idle check: zrepl backup_to_purple Replication active
[20:19:28] Idle check: zrepl backup_to_purple Replication active
[20:19:59] Idle check: zrepl backup_to_purple Replication active
[20:20:30] Idle check: zrepl backup_to_purple Replication active
[20:21:01] Idle check: zrepl backup_to_purple Replication active
[20:21:32] Idle check: zrepl backup_to_purple Replication active
[20:22:03] Idle check: zrepl backup_to_purple Replication active
[20:22:33] Idle check: zrepl backup_to_purple Replication active
[20:23:04] Idle check: zrepl backup_to_purple Replication active
[20:23:35] Idle check: zrepl backup_to_purple Replication active
[20:24:06] Idle check: zrepl backup_to_purple Replication active
[20:24:37] Idle check: zrepl backup_to_purple Replication active
[20:25:07] Idle check: zrepl backup_to_purple Replication active
[20:25:38] Idle check: zrepl backup_to_purple Replication active
[20:26:09] Idle check: zrepl backup_to_purple Replication active
[20:26:40] Idle check: zrepl backup_to_purple Replication active
[20:27:11] Idle check: zrepl backup_to_purple Replication active
[20:27:42] Idle check: zrepl backup_to_purple Replication active
[20:28:12] Idle check: zrepl backup_to_purple Replication active
[20:28:43] Idle check: zrepl backup_to_purple Replication active
[20:29:14] Idle check: zrepl backup_to_purple Replication active
[20:29:45] Idle check: zrepl backup_to_purple Replication active
[20:30:16] Idle check: zrepl backup_to_purple Replication active
[20:30:47] Idle check: zrepl backup_to_purple Replication active
[20:31:17] Idle check: zrepl backup_to_purple Replication active
[20:31:48] Idle check: zrepl backup_to_purple Replication active
[20:32:19] Idle check: zrepl backup_to_purple Replication active
[20:32:50] Idle check: zrepl backup_to_purple Replication active
[20:33:21] Idle check: zrepl backup_to_purple Replication active
[20:33:51] Idle check: zrepl backup_to_purple Replication active
[20:34:22] Idle check: zrepl backup_to_purple Replication active
[20:34:53] Idle check: zrepl backup_to_purple Replication active
[20:35:24] Idle check: zrepl backup_to_purple Replication active
[20:35:55] Idle check: zrepl backup_to_purple Replication active
[20:36:25] Idle check: zrepl backup_to_purple Replication active
[20:36:56] Idle check: zrepl backup_to_purple Replication active
[20:37:27] Idle check: zrepl backup_to_purple Replication active
[20:37:58] Idle check: zrepl backup_to_purple Replication active
[20:38:29] Idle check: zrepl backup_to_purple Replication active
[20:38:59] Idle check: zrepl backup_to_purple Replication active
[20:39:30] Idle check: zrepl backup_to_purple Replication active
[20:40:01] Idle check: zrepl backup_to_purple Replication active
[20:40:32] Idle check: zrepl backup_to_purple Replication active
[20:41:03] Idle check: zrepl backup_to_purple Replication active
[20:41:34] Idle check: zrepl backup_to_purple Replication active
[20:42:04] Idle check: zrepl backup_to_purple Replication active
[20:42:35] Idle check: zrepl backup_to_purple Replication active
[20:43:06] Idle check: zrepl backup_to_purple Replication active
[20:43:37] Idle check: zrepl backup_to_purple Replication active
[20:44:08] Idle check: zrepl backup_to_purple Replication active
[20:44:39] Idle check: zrepl backup_to_purple Replication active
[20:45:09] Idle check: zrepl backup_to_purple Replication active
[20:45:40] Idle check: zrepl backup_to_purple Replication active
[20:46:11] Idle check: zrepl backup_to_purple Replication active
[20:46:42] Idle check: zrepl backup_to_purple Replication active
[20:47:13] Idle check: zrepl backup_to_purple Replication active
[20:47:43] Idle check: zrepl backup_to_purple Replication active
[20:48:14] Idle check: zrepl backup_to_purple Replication active
[20:48:45] Idle check: zrepl backup_to_purple Replication active
[20:49:16] Idle check: zrepl backup_to_purple Replication active
[20:49:47] Idle check: zrepl backup_to_purple Replication active
[20:50:17] Idle check: zrepl backup_to_purple Replication active
[20:50:48] Idle check: zrepl backup_to_purple Replication active
[20:51:19] Idle check: zrepl backup_to_purple Replication active
[20:51:50] Idle check: zrepl backup_to_purple Replication active
[20:52:21] Idle check: zrepl backup_to_purple Replication active
[20:52:52] Idle check: zrepl backup_to_purple Replication active
[20:53:22] Idle check: zrepl backup_to_purple Replication active
[20:53:53] Idle check: zrepl backup_to_purple Replication active
[20:54:24] Idle check: zrepl backup_to_purple Replication active
[20:54:55] Idle check: zrepl backup_to_purple Replication active
[20:55:26] Idle check: zrepl backup_to_purple Replication active
[20:55:56] Idle check: zrepl backup_to_purple Replication active
[20:56:27] Idle check: zrepl backup_to_purple Replication active
[20:56:58] Idle check: zrepl backup_to_purple Replication active
[20:57:29] Idle check: zrepl backup_to_purple Replication active
[20:58:00] Idle check: zrepl backup_to_purple Replication active
[20:58:31] Idle check: zrepl backup_to_purple Replication active
[20:59:01] Idle check: zrepl backup_to_purple Replication active
[20:59:32] Idle check: zrepl backup_to_purple Replication active
[21:00:03] Idle check: zrepl backup_to_purple Replication active
[21:00:34] Idle check: zrepl backup_to_purple Replication active
[21:01:05] Idle check: zrepl backup_to_purple Replication active
[21:01:36] Idle check: zrepl backup_to_purple Replication active
[21:02:06] Idle check: zrepl backup_to_purple Replication active
[21:02:37] Idle check: zrepl backup_to_purple Replication active
[21:03:08] Idle check: zrepl backup_to_purple Replication active
[21:03:39] Idle check: zrepl backup_to_purple Replication active
[21:04:10] Idle check: zrepl backup_to_purple Replication active
[21:04:40] Idle check: zrepl backup_to_purple Replication active
[21:05:11] Idle check: zrepl backup_to_purple Replication active
[21:05:42] Idle check: zrepl backup_to_purple Replication active
[21:06:13] Idle check: zrepl backup_to_purple Replication active
[21:06:44] Idle check: zrepl backup_to_purple Replication active
[21:07:15] Idle check: zrepl backup_to_purple Replication active
[21:07:45] Idle check: zrepl backup_to_purple Replication active
[21:08:16] Idle check: zrepl backup_to_purple Replication active
[21:08:47] Idle check: zrepl backup_to_purple Replication active
[21:09:18] Idle check: zrepl backup_to_purple Replication active
[21:09:49] Idle check: zrepl backup_to_purple Replication active
[21:10:19] Idle check: zrepl backup_to_purple Replication active
[21:10:50] Idle check: zrepl backup_to_purple Replication active
[21:11:21] Idle check: zrepl backup_to_purple Replication active
[21:11:52] Idle check: zrepl backup_to_purple Replication active
[21:12:23] Idle check: zrepl backup_to_purple Replication active
[21:12:54] Idle check: zrepl backup_to_purple Replication active
[21:13:24] Idle check: zrepl backup_to_purple Replication active
[21:13:55] Idle check: zrepl backup_to_purple Replication active
[21:14:26] Idle check: zrepl backup_to_purple Replication active
[21:14:57] Idle check: zrepl backup_to_purple Replication active
[21:15:28] Idle check: zrepl backup_to_purple Replication active
[21:15:58] Idle check: zrepl backup_to_purple Replication active
[21:16:29] Idle check: zrepl backup_to_purple Replication active
[21:17:00] Idle check: zrepl backup_to_purple Replication active
[21:17:31] Idle check: zrepl backup_to_purple Replication active
[21:18:02] Idle check: zrepl backup_to_purple Replication active
[21:18:33] Idle check: zrepl backup_to_purple Replication active
[21:19:03] Idle check: zrepl backup_to_purple Replication active
[21:19:34] Idle check: zrepl backup_to_purple Replication active
[21:20:05] Idle check: zrepl backup_to_purple Replication active
[21:20:36] Idle check: zrepl backup_to_purple Replication active
[21:21:07] Idle check: zrepl backup_to_purple Replication active
[21:21:37] Idle check: zrepl backup_to_purple Replication active
[21:22:08] Idle check: zrepl backup_to_purple Replication active
[21:22:39] Idle check: zrepl backup_to_purple Replication active
[21:23:10] Idle check: zrepl backup_to_purple Replication active
[21:23:41] Idle check: zrepl backup_to_purple Replication active
[21:24:11] Idle check: zrepl backup_to_purple Replication active
[21:24:42] Idle check: zrepl backup_to_purple Replication active
[21:25:13] Idle check: zrepl backup_to_purple Replication active
[21:25:44] Idle check: zrepl backup_to_purple Replication active
[21:26:15] Idle check: zrepl backup_to_purple Replication active
[21:26:46] Idle check: zrepl backup_to_purple Replication active
[21:27:16] Idle check: zrepl backup_to_purple Replication active
[21:27:47] Idle check: zrepl backup_to_purple Replication active
[21:28:18] Idle check: zrepl backup_to_purple Replication active
[21:28:49] Idle check: zrepl backup_to_purple Replication active
[21:29:20] Idle check: zrepl backup_to_purple Replication active
[21:29:50] Idle check: zrepl backup_to_purple Replication active
[21:30:21] Idle check: zrepl backup_to_purple Replication active
[21:30:52] Idle check: zrepl backup_to_purple Replication active
[21:31:23] Idle check: zrepl backup_to_purple Replication active
[21:31:54] Idle check: zrepl backup_to_purple Replication active
[21:32:24] Idle check: zrepl backup_to_purple Replication active
[21:32:55] Idle check: zrepl backup_to_purple Replication active
[21:33:26] Idle check: zrepl backup_to_purple Replication active
[21:33:57] Idle check: zrepl backup_to_purple Replication active
[21:34:28] Idle check: zrepl backup_to_purple Replication active
[21:34:59] Idle check: zrepl backup_to_purple Replication active
[21:35:29] Idle check: zrepl backup_to_purple Replication active
[21:36:00] Idle check: zrepl backup_to_purple Replication active
[21:36:31] Idle check: zrepl backup_to_purple Replication active
[21:37:02] Idle check: zrepl backup_to_purple Replication active
[21:37:33] Idle check: zrepl backup_to_purple Replication active
[21:38:03] Idle check: zrepl backup_to_purple Replication active
[21:38:34] Idle check: zrepl backup_to_purple Replication active
[21:39:05] Idle check: zrepl backup_to_purple Replication active
[21:39:36] Idle check: zrepl backup_to_purple Replication active
[21:40:07] Idle check: zrepl backup_to_purple Replication active
[21:40:37] Idle check: zrepl backup_to_purple Replication active
[21:41:08] Idle check: zrepl backup_to_purple Replication active
[21:41:39] Idle check: zrepl backup_to_purple Replication active
[21:42:10] Idle check: zrepl backup_to_purple Replication active
[21:42:41] Idle check: zrepl backup_to_purple Replication active
[21:43:12] Idle check: zrepl backup_to_purple Replication active
[21:43:42] Idle check: zrepl backup_to_purple Replication active
[21:44:13] Idle check: zrepl backup_to_purple Replication active
[21:44:44] Idle check: zrepl backup_to_purple Replication active
[21:45:15] Idle check: zrepl backup_to_purple Replication active
[21:45:46] Idle check: zrepl backup_to_purple Replication active
[21:46:16] Idle check: zrepl backup_to_purple Replication active
[21:46:47] Idle check: zrepl backup_to_purple Replication active
[21:47:18] Idle check: zrepl backup_to_purple Replication active
[21:47:48] Idle check: load=1.07 (need < 1.0)
[21:48:19] Idle check: load=1.08 (need < 1.0)
[21:48:50] Idle check: zrepl backup_to_purple Replication active
[21:49:20] Idle check: zrepl backup_to_purple Replication active
[21:49:51] Idle check: zrepl backup_to_purple Replication active
[21:50:22] Idle check: zrepl backup_to_purple Replication active
[21:50:53] Idle check: zrepl backup_to_purple Replication active
[21:51:24] Idle check: zrepl backup_to_purple Replication active
[21:51:55] Idle check: zrepl backup_to_purple Replication active
[21:52:25] Idle check: zrepl backup_to_purple Replication active
[21:52:56] Idle check: zrepl backup_to_purple Replication active
[21:53:27] Idle check: zrepl backup_to_purple Replication active
[21:53:58] Idle check: zrepl backup_to_purple Replication active
[21:54:29] Idle check: zrepl backup_to_purple Replication active
[21:54:59] Idle check: zrepl backup_to_purple Replication active
[21:55:30] Idle check: load=1.20 (need < 1.0)
[21:56:01] Idle check: zrepl backup_to_purple Replication active
[21:56:31] Idle check: zrepl backup_to_purple Replication active
[21:57:02] Idle check: zrepl backup_to_purple Replication active
[21:57:33] Idle check: zrepl backup_to_purple Replication active
[21:58:04] Idle check: zrepl backup_to_purple Replication active
[21:58:35] Idle check: zrepl backup_to_purple Replication active
[21:59:05] Idle check: zrepl backup_to_purple Replication active
[21:59:36] Idle check: zrepl backup_to_purple Replication active
[22:00:07] Idle check: zrepl backup_to_purple Replication active
[22:00:38] Idle check: zrepl backup_to_purple Replication active
[22:01:09] Idle check: zrepl backup_to_purple Replication active
[22:01:39] Idle check: zrepl backup_to_purple Replication active
[22:02:10] Idle check: zrepl backup_to_purple Replication active
[22:02:41] Idle check: zrepl backup_to_purple Replication active
[22:03:12] Idle check: zrepl backup_to_purple Replication active
[22:03:43] Idle check: zrepl backup_to_purple Replication active
[22:04:14] Idle check: zrepl backup_to_purple Replication active
[22:04:44] Idle check: zrepl backup_to_purple Replication active
[22:05:15] Idle check: zrepl backup_to_purple Replication active
[22:05:46] Idle check: zrepl backup_to_purple Replication active
[22:06:17] Idle check: zrepl backup_to_purple Replication active
[22:06:48] Idle check: zrepl backup_to_purple Replication active
[22:07:18] Idle check: zrepl backup_to_purple Replication active
[22:07:49] Idle check: zrepl backup_to_purple Replication active
[22:08:20] Idle check: zrepl backup_to_purple Replication active
[22:08:51] Idle check: zrepl backup_to_purple Replication active
[22:09:22] Idle check: zrepl backup_to_purple Replication active
[22:09:53] Idle check: zrepl backup_to_purple Replication active
[22:10:23] Idle check: zrepl backup_to_purple Replication active
[22:10:54] Idle check: zrepl backup_to_purple Replication active
[22:11:25] Idle check: zrepl backup_to_purple Replication active
[22:11:56] Idle check: zrepl backup_to_purple Replication active
[22:12:27] Idle check: zrepl backup_to_purple Replication active
[22:12:57] Idle check: zrepl backup_to_purple Replication active
[22:13:28] Idle check: zrepl backup_to_purple Replication active
[22:13:59] Idle check: zrepl backup_to_purple Replication active
[22:14:30] Idle check: zrepl backup_to_purple Replication active
[22:15:01] Idle check: zrepl backup_to_purple Replication active
[22:15:32] Idle check: zrepl backup_to_purple Replication active
[22:16:02] Idle check: zrepl backup_to_purple Replication active
[22:16:33] Idle check: zrepl backup_to_purple Replication active
[22:17:04] Idle check: zrepl backup_to_purple Replication active
[22:17:35] Idle check: zrepl backup_to_purple Replication active
[22:18:06] Idle check: zrepl backup_to_purple Replication active
[22:18:36] Idle check: zrepl backup_to_purple Replication active
[22:19:07] Idle check: zrepl backup_to_purple Replication active
[22:19:38] Idle check: zrepl backup_to_purple Replication active
[22:20:09] Idle check: zrepl backup_to_purple Replication active
[22:20:40] Idle check: zrepl backup_to_purple Replication active
[22:21:10] Idle check: zrepl backup_to_purple Replication active
[22:21:41] Idle check: zrepl backup_to_purple Replication active
[22:22:12] Idle check: zrepl backup_to_purple Replication active
[22:22:43] Idle check: zrepl backup_to_purple Replication active
[22:23:14] Idle check: zrepl backup_to_purple Replication active
[22:23:45] Idle check: zrepl backup_to_purple Replication active
[22:24:15] Idle check: zrepl backup_to_purple Replication active
[22:24:46] Idle check: zrepl backup_to_purple Replication active
[22:25:17] Idle check: zrepl backup_to_purple Replication active
[22:25:48] Idle check: zrepl backup_to_purple Replication active
[22:26:19] Idle check: zrepl backup_to_purple Replication active
[22:26:49] Idle check: zrepl backup_to_purple Replication active
[22:27:20] Idle check: zrepl backup_to_purple Replication active
[22:27:51] Idle check: zrepl backup_to_purple Replication active
[22:28:22] Idle check: zrepl backup_to_purple Replication active
[22:28:53] Idle check: zrepl backup_to_purple Replication active
[22:29:23] Idle check: zrepl backup_to_purple Replication active
[22:29:54] Idle check: zrepl backup_to_purple Replication active
[22:30:25] Idle check: zrepl backup_to_purple Replication active
[22:30:56] Idle check: zrepl backup_to_purple Replication active
[22:31:27] Idle check: zrepl backup_to_purple Replication active
[22:31:58] Idle check: zrepl backup_to_purple Replication active
[22:32:28] Idle check: zrepl backup_to_purple Replication active
[22:32:59] Idle check: zrepl backup_to_purple Replication active
[22:33:30] Idle check: zrepl backup_to_purple Replication active
[22:34:01] Idle check: zrepl backup_to_purple Replication active
[22:34:32] Idle check: zrepl backup_to_purple Replication active
[22:35:02] Idle check: zrepl backup_to_purple Replication active
[22:35:33] Idle check: zrepl backup_to_purple Replication active
[22:36:04] Idle check: zrepl backup_to_purple Replication active
[22:36:35] Idle check: zrepl backup_to_purple Replication active
[22:37:06] Idle check: zrepl backup_to_purple Replication active
[22:37:37] Idle check: zrepl backup_to_purple Replication active
[22:38:07] Idle check: zrepl backup_to_purple Replication active
[22:38:38] Idle check: zrepl backup_to_purple Replication active
[22:39:09] Idle check: zrepl backup_to_purple Replication active
[22:39:40] Idle check: zrepl backup_to_purple Replication active
[22:40:11] Idle check: zrepl backup_to_purple Replication active
[22:40:42] Idle check: zrepl backup_to_purple Replication active
[22:41:12] Idle check: zrepl backup_to_purple Replication active
[22:41:43] Idle check: zrepl backup_to_purple Replication active
[22:42:14] Idle check: zrepl backup_to_purple Replication active
[22:42:45] Idle check: zrepl backup_to_purple Replication active
[22:43:16] Idle check: zrepl backup_to_purple Replication active
[22:43:46] Idle check: zrepl backup_to_purple Replication active
[22:44:17] Idle check: zrepl backup_to_purple Replication active
[22:44:48] Idle check: zrepl backup_to_purple Replication active
[22:45:19] Idle check: zrepl backup_to_purple Replication active
[22:45:50] Idle check: zrepl backup_to_purple Replication active
[22:46:20] Idle check: zrepl backup_to_purple Replication active
[22:46:51] Idle check: zrepl backup_to_purple Replication active
[22:47:22] Idle check: zrepl backup_to_purple Replication active
[22:47:53] Idle check: zrepl backup_to_purple Replication active
[22:48:24] Idle check: zrepl backup_to_purple Replication active
[22:48:54] Idle check: zrepl backup_to_purple Replication active
[22:49:25] Idle check: zrepl backup_to_purple Replication active
[22:49:56] Idle check: zrepl backup_to_purple Replication active
[22:50:27] Idle check: zrepl backup_to_purple Replication active
[22:50:58] Idle check: zrepl backup_to_purple Replication active
[22:51:29] Idle check: zrepl backup_to_purple Replication active
[22:51:59] Idle check: zrepl backup_to_purple Replication active
[22:52:30] Idle check: zrepl backup_to_purple Replication active
[22:53:01] Idle check: zrepl backup_to_purple Replication active
[22:53:32] Idle check: zrepl backup_to_purple Replication active
[22:54:03] Idle check: zrepl backup_to_purple Replication active
[22:54:33] Idle check: zrepl backup_to_purple Replication active
[22:55:04] Idle check: zrepl backup_to_purple Replication active
[22:55:35] Idle check: zrepl backup_to_purple Replication active
[22:56:06] Idle check: zrepl backup_to_purple Replication active
[22:56:37] Idle check: zrepl backup_to_purple Replication active
[22:57:07] Idle check: zrepl backup_to_purple Replication active
[22:57:38] Idle check: zrepl backup_to_purple Replication active
[22:58:09] Idle check: zrepl backup_to_purple Replication active
[22:58:40] Idle check: zrepl backup_to_purple Replication active
[22:59:11] Idle check: zrepl backup_to_purple Replication active
[22:59:41] Idle check: zrepl backup_to_purple Replication active
[23:00:12] Idle check: zrepl backup_to_purple Replication active
[23:00:43] Idle check: zrepl backup_to_purple Replication active
[23:01:14] Idle check: zrepl backup_to_purple Replication active
[23:01:45] Idle check: zrepl backup_to_purple Replication active
[23:02:16] Idle check: zrepl backup_to_purple Replication active
[23:02:46] Idle check: zrepl backup_to_purple Replication active
[23:03:17] Idle check: zrepl backup_to_purple Replication active
[23:03:48] Idle check: zrepl backup_to_purple Replication active
[23:04:19] Idle check: zrepl backup_to_purple Replication active
[23:04:50] Idle check: zrepl backup_to_purple Replication active
[23:05:20] Idle check: zrepl backup_to_purple Replication active
[23:05:51] Idle check: zrepl backup_to_purple Replication active
[23:06:22] Idle check: zrepl backup_to_purple Replication active
[23:06:53] Idle check: zrepl backup_to_purple Replication active
[23:07:24] Idle check: zrepl backup_to_purple Replication active
[23:07:54] Idle check: zrepl backup_to_purple Replication active
[23:08:25] Idle check: zrepl backup_to_purple Replication active
[23:08:56] Idle check: zrepl backup_to_purple Replication active
[23:09:27] Idle check: zrepl backup_to_purple Replication active
[23:09:58] Idle check: zrepl backup_to_purple Replication active
[23:10:29] Idle check: zrepl backup_to_purple Replication active
[23:10:59] Idle check: zrepl backup_to_purple Replication active
[23:11:30] Idle check: zrepl backup_to_purple Replication active
[23:12:01] Idle check: zrepl backup_to_purple Replication active
[23:12:32] Idle check: zrepl backup_to_purple Replication active
[23:13:03] Idle check: zrepl backup_to_purple Replication active
[23:13:33] Idle check: zrepl backup_to_purple Replication active
[23:14:04] Idle check: zrepl backup_to_purple Replication active
[23:14:35] Idle check: zrepl backup_to_purple Replication active
[23:15:06] Idle check: zrepl backup_to_purple Replication active
[23:15:37] Idle check: zrepl backup_to_purple Replication active
[23:16:08] Idle check: zrepl backup_to_purple Replication active
[23:16:38] Idle check: zrepl backup_to_purple Replication active
[23:17:09] Idle check: zrepl backup_to_purple Replication active
[23:17:40] Idle check: zrepl backup_to_purple Replication active
[23:18:11] Idle check: zrepl backup_to_purple Replication active
[23:18:42] Idle check: zrepl backup_to_purple Replication active
[23:19:12] Idle check: zrepl backup_to_purple Replication active
[23:19:43] Idle check: zrepl backup_to_purple Replication active
[23:20:14] Idle check: zrepl backup_to_purple Replication active
[23:20:45] Idle check: zrepl backup_to_purple Replication active
[23:21:16] Idle check: zrepl backup_to_purple Replication active
[23:21:46] Idle check: zrepl backup_to_purple Replication active
[23:22:17] Idle check: zrepl backup_to_purple Replication active
[23:22:48] Idle check: zrepl backup_to_purple Replication active
[23:23:19] Idle check: zrepl backup_to_purple Replication active
[23:23:50] Idle check: zrepl backup_to_purple Replication active
[23:24:21] Idle check: zrepl backup_to_purple Replication active
[23:24:51] Idle check: zrepl backup_to_purple Replication active
[23:25:22] Idle check: zrepl backup_to_purple Replication active
[23:25:53] Idle check: zrepl backup_to_purple Replication active
[23:26:24] Idle check: zrepl backup_to_purple Replication active
[23:26:55] Idle check: zrepl backup_to_purple Replication active
[23:27:25] Idle check: zrepl backup_to_purple Replication active
[23:27:56] Idle check: zrepl backup_to_purple Replication active
[23:28:27] Idle check: zrepl backup_to_purple Replication active
[23:28:58] Idle check: zrepl backup_to_purple Replication active
[23:29:29] Idle check: zrepl backup_to_purple Replication active
[23:30:00] Idle check: zrepl backup_to_purple Replication active
[23:30:30] Idle check: zrepl backup_to_purple Replication active
[23:31:01] Idle check: zrepl backup_to_purple Replication active
[23:31:32] Idle check: zrepl backup_to_purple Replication active
[23:32:03] Idle check: zrepl backup_to_purple Replication active
[23:32:34] Idle check: zrepl backup_to_purple Replication active
[23:33:04] Idle check: zrepl backup_to_purple Replication active
[23:33:35] Idle check: zrepl backup_to_purple Replication active
[23:34:06] Idle check: zrepl backup_to_purple Replication active
[23:34:37] Idle check: zrepl backup_to_purple Replication active
[23:35:08] Idle check: zrepl backup_to_purple Replication active
[23:35:39] Idle check: zrepl backup_to_purple Replication active
[23:36:09] Idle check: zrepl backup_to_purple Replication active
[23:36:40] Idle check: zrepl backup_to_purple Replication active
[23:37:11] Idle check: zrepl backup_to_purple Replication active
[23:37:42] Idle check: zrepl backup_to_purple Replication active
[23:38:13] Idle check: zrepl backup_to_purple Replication active
[23:38:43] Idle check: zrepl backup_to_purple Replication active
[23:39:14] Idle check: zrepl backup_to_purple Replication active
[23:39:45] Idle check: zrepl backup_to_purple Replication active
[23:40:16] Idle check: zrepl backup_to_purple Replication active
[23:40:47] Idle check: zrepl backup_to_purple Replication active
[23:41:17] Idle check: zrepl backup_to_purple Replication active
[23:41:48] Idle check: zrepl backup_to_purple Replication active
[23:42:19] Idle check: zrepl backup_to_purple Replication active
[23:42:50] Idle check: zrepl backup_to_purple Replication active
[23:43:21] Idle check: zrepl backup_to_purple Replication active
[23:43:52] Idle check: zrepl backup_to_purple Replication active
[23:44:22] Idle check: zrepl backup_to_purple Replication active
[23:44:53] Idle check: zrepl backup_to_purple Replication active
[23:45:24] Idle check: zrepl backup_to_purple Replication active
[23:45:55] Idle check: zrepl backup_to_purple Replication active
[23:46:26] Idle check: zrepl backup_to_purple Replication active
[23:46:56] Idle check: zrepl backup_to_purple Replication active
[23:47:27] Idle check: zrepl backup_to_purple Replication active
[23:47:58] Idle check: zrepl backup_to_purple Replication active
[23:48:29] Idle check: zrepl backup_to_purple Replication active
[23:49:00] Idle check: zrepl backup_to_purple Replication active
[23:49:30] Idle check: zrepl backup_to_purple Replication active
[23:50:01] Idle check: zrepl backup_to_purple Replication active
[23:50:32] Idle check: zrepl backup_to_purple Replication active
[23:51:03] Idle check: zrepl backup_to_purple Replication active
[23:51:34] Idle check: zrepl backup_to_purple Replication active
[23:52:04] Idle check: zrepl backup_to_purple Replication active
[23:52:35] Idle check: zrepl backup_to_purple Replication active
[23:53:06] Idle check: zrepl backup_to_purple Replication active
[23:53:37] Idle check: zrepl backup_to_purple Replication active
[23:54:08] Idle check: zrepl backup_to_purple Replication active
[23:54:38] Idle check: zrepl backup_to_purple Replication active
[23:55:09] Idle check: zrepl backup_to_purple Replication active
[23:55:40] Idle check: zrepl backup_to_purple Replication active
[23:56:11] Idle check: zrepl backup_to_purple Replication active
[23:56:42] Idle check: zrepl backup_to_purple Replication active
[23:57:12] Idle check: zrepl backup_to_purple Replication active
[23:57:43] Idle check: zrepl backup_to_purple Replication active
[23:58:14] Idle check: zrepl backup_to_purple Replication active
[23:58:45] Idle check: zrepl backup_to_purple Replication active
[23:59:16] Idle check: zrepl backup_to_purple Replication active
[23:59:46] Idle check: zrepl backup_to_purple Replication active
[00:00:17] Idle check: zrepl backup_to_purple Replication active
[00:00:48] Idle check: zrepl backup_to_purple Replication active
[00:01:19] Idle check: zrepl backup_to_purple Replication active
[00:01:50] Idle check: zrepl backup_to_purple Replication active
[00:02:20] Idle check: zrepl backup_to_purple Replication active
[00:02:51] Idle check: zrepl backup_to_purple Replication active
[00:03:22] Idle check: zrepl backup_to_purple Replication active
[00:03:53] Idle check: zrepl backup_to_purple Replication active
[00:04:24] Idle check: zrepl backup_to_purple Replication active
[00:04:55] Idle check: zrepl backup_to_purple Replication active
[00:05:25] Idle check: zrepl backup_to_purple Replication active
[00:05:56] Idle check: zrepl backup_to_purple Replication active
[00:06:27] Idle check: zrepl backup_to_purple Replication active
[00:06:58] Idle check: zrepl backup_to_purple Replication active
[00:07:29] Idle check: zrepl backup_to_purple Replication active
[00:07:59] Idle check: zrepl backup_to_purple Replication active
[00:08:30] Idle check: zrepl backup_to_purple Replication active
[00:09:01] Idle check: zrepl backup_to_purple Replication active
[00:09:32] Idle check: zrepl backup_to_purple Replication active
[00:10:03] Idle check: zrepl backup_to_purple Replication active
[00:10:33] Idle check: zrepl backup_to_purple Replication active
[00:11:04] Idle check: zrepl backup_to_purple Replication active
[00:11:35] Idle check: zrepl backup_to_purple Replication active
[00:12:06] Idle check: zrepl backup_to_purple Replication active
[00:12:37] Idle check: zrepl backup_to_purple Replication active
[00:13:07] Idle check: zrepl backup_to_purple Replication active
[00:13:38] Idle check: zrepl backup_to_purple Replication active
[00:14:09] Idle check: zrepl backup_to_purple Replication active
[00:14:40] Idle check: zrepl backup_to_purple Replication active
[00:15:11] Idle check: zrepl backup_to_purple Replication active
[00:15:41] Idle check: zrepl backup_to_purple Replication active
[00:16:12] Idle check: zrepl backup_to_purple Replication active
[00:16:43] Idle check: zrepl backup_to_purple Replication active
[00:17:14] Idle check: zrepl backup_to_purple Replication active
[00:17:45] Idle check: zrepl backup_to_purple Replication active
[00:18:15] Idle check: zrepl backup_to_purple Replication active
[00:18:46] Idle check: zrepl backup_to_purple Replication active
[00:19:17] Idle check: zrepl backup_to_purple Replication active
[00:19:48] Idle check: zrepl backup_to_purple Replication active
[00:20:19] Idle check: zrepl backup_to_purple Replication active
[00:20:50] Idle check: zrepl backup_to_purple Replication active
[00:21:20] Idle check: zrepl backup_to_purple Replication active
[00:21:51] Idle check: zrepl backup_to_purple Replication active
[00:22:22] Idle check: zrepl backup_to_purple Replication active
[00:22:53] Idle check: zrepl backup_to_purple Replication active
[00:23:24] Idle check: zrepl backup_to_purple Replication active
[00:23:54] Idle check: zrepl backup_to_purple Replication active
[00:24:25] Idle check: zrepl backup_to_purple Replication active
[00:24:56] Idle check: zrepl backup_to_purple Replication active
[00:25:27] Idle check: zrepl backup_to_purple Replication active
[00:25:58] Idle check: zrepl backup_to_purple Replication active
[00:26:28] Idle check: zrepl backup_to_purple Replication active
[00:26:59] Idle check: zrepl backup_to_purple Replication active
[00:27:30] Idle check: zrepl backup_to_purple Replication active
[00:28:01] Idle check: zrepl backup_to_purple Replication active
[00:28:32] Idle check: zrepl backup_to_purple Replication active
[00:29:03] Idle check: zrepl backup_to_purple Replication active
[00:29:33] Idle check: zrepl backup_to_purple Replication active
[00:30:04] Idle check: zrepl backup_to_purple Replication active
[00:30:35] Idle check: zrepl backup_to_purple Replication active
[00:31:06] Idle check: zrepl backup_to_purple Replication active
[00:31:37] Idle check: zrepl backup_to_purple Replication active
[00:32:07] Idle check: zrepl backup_to_purple Replication active
[00:32:38] Idle check: zrepl backup_to_purple Replication active
[00:33:09] Idle check: zrepl backup_to_purple Replication active
[00:33:40] Idle check: zrepl backup_to_purple Replication active
[00:34:11] Idle check: zrepl backup_to_purple Replication active
[00:34:41] Idle check: zrepl backup_to_purple Replication active
[00:35:12] Idle check: zrepl backup_to_purple Replication active
[00:35:43] Idle check: zrepl backup_to_purple Replication active
[00:36:14] Idle check: zrepl backup_to_purple Replication active
[00:36:45] Idle check: zrepl backup_to_purple Replication active
[00:37:15] Idle check: zrepl backup_to_purple Replication active
[00:37:46] Idle check: zrepl backup_to_purple Replication active
[00:38:17] Idle check: zrepl backup_to_purple Replication active
[00:38:48] Idle check: zrepl backup_to_purple Replication active
[00:39:19] Idle check: zrepl backup_to_purple Replication active
[00:39:49] Idle check: zrepl backup_to_purple Replication active
[00:40:20] Idle check: zrepl backup_to_purple Replication active
[00:40:51] Idle check: zrepl backup_to_purple Replication active
[00:41:22] Idle check: zrepl backup_to_purple Replication active
[00:41:53] Idle check: zrepl backup_to_purple Replication active
[00:42:23] Idle check: zrepl backup_to_purple Replication active
[00:42:54] Idle check: zrepl backup_to_purple Replication active
[00:43:25] Idle check: zrepl backup_to_purple Replication active
[00:43:56] Idle check: zrepl backup_to_purple Replication active
[00:44:27] Idle check: zrepl backup_to_purple Replication active
[00:44:58] Idle check: zrepl backup_to_purple Replication active
[00:45:28] Idle check: zrepl backup_to_purple Replication active
[00:45:59] Idle check: zrepl backup_to_purple Replication active
[00:46:30] Idle check: zrepl backup_to_purple Replication active
[00:47:01] Idle check: zrepl backup_to_purple Replication active
[00:47:32] Idle check: zrepl backup_to_purple Replication active
[00:48:02] Idle check: zrepl backup_to_purple Replication active
[00:48:33] Idle check: zrepl backup_to_purple Replication active
[00:49:04] Idle check: zrepl backup_to_purple Replication active
[00:49:35] Idle check: zrepl backup_to_purple Replication active
[00:50:06] Idle check: zrepl backup_to_purple Replication active
[00:50:36] Idle check: zrepl backup_to_purple Replication active
[00:51:07] Idle check: zrepl backup_to_purple Replication active
[00:51:38] Idle check: zrepl backup_to_purple Replication active
[00:52:09] Idle check: zrepl backup_to_purple Replication active
[00:52:40] Idle check: zrepl backup_to_purple Replication active
[00:53:10] Idle check: zrepl backup_to_purple Replication active
[00:53:41] Idle check: zrepl backup_to_purple Replication active
[00:54:12] Idle check: zrepl backup_to_purple Replication active
[00:54:43] Idle check: zrepl backup_to_purple Replication active
[00:55:14] Idle check: zrepl backup_to_purple Replication active
[00:55:44] Idle check: zrepl backup_to_purple Replication active
[00:56:15] Idle check: zrepl backup_to_purple Replication active
[00:56:46] Idle check: zrepl backup_to_purple Replication active
[00:57:17] Idle check: zrepl backup_to_purple Replication active
[00:57:48] Idle check: zrepl backup_to_purple Replication active
[00:58:18] Idle check: zrepl backup_to_purple Replication active
[00:58:49] Idle check: zrepl backup_to_purple Replication active
[00:59:20] Idle check: zrepl backup_to_purple Replication active
[00:59:51] Idle check: zrepl backup_to_purple Replication active
[01:00:22] Idle check: zrepl backup_to_purple Replication active
[01:00:53] Idle check: zrepl backup_to_purple Replication active
[01:01:23] Idle check: zrepl backup_to_purple Replication active
[01:01:54] Idle check: zrepl backup_to_purple Replication active
[01:02:25] Idle check: zrepl backup_to_purple Replication active
[01:02:56] Idle check: zrepl backup_to_purple Replication active
[01:03:26] Idle check: zrepl backup_to_purple Replication active
[01:03:57] Idle check: zrepl backup_to_purple Replication active
[01:04:28] Idle check: zrepl backup_to_purple Replication active
[01:04:59] Idle check: zrepl backup_to_purple Replication active
[01:05:30] Idle check: zrepl backup_to_purple Replication active
[01:06:01] Idle check: zrepl backup_to_purple Replication active
[01:06:31] Idle check: zrepl backup_to_purple Replication active
[01:07:02] Idle check: zrepl backup_to_purple Replication active
[01:07:33] Idle check: zrepl backup_to_purple Replication active
[01:08:04] Idle check: zrepl backup_to_purple Replication active
[01:08:35] Idle check: zrepl backup_to_purple Replication active
[01:09:05] Idle check: zrepl backup_to_purple Replication active
[01:09:36] Idle check: zrepl backup_to_purple Replication active
[01:10:07] Idle check: zrepl backup_to_purple Replication active
[01:10:38] Idle check: zrepl backup_to_purple Replication active
[01:11:09] Idle check: zrepl backup_to_purple Replication active
[01:11:39] Idle check: zrepl backup_to_purple Replication active
[01:12:10] Idle check: zrepl backup_to_purple Replication active
[01:12:41] Idle check: zrepl backup_to_purple Replication active
[01:13:12] Idle check: zrepl backup_to_purple Replication active
[01:13:43] Idle check: zrepl backup_to_purple Replication active
[01:14:13] Idle check: zrepl backup_to_purple Replication active
[01:14:44] Idle check: zrepl backup_to_purple Replication active
[01:15:15] Idle check: zrepl backup_to_purple Replication active
[01:15:46] Idle check: zrepl backup_to_purple Replication active
[01:16:17] Idle check: zrepl backup_to_purple Replication active
[01:16:47] Idle check: zrepl backup_to_purple Replication active
[01:17:18] Idle check: zrepl backup_to_purple Replication active
[01:17:49] Idle check: zrepl backup_to_purple Replication active
[01:18:20] Idle check: zrepl backup_to_purple Replication active
[01:18:51] Idle check: zrepl backup_to_purple Replication active
[01:19:21] Idle check: zrepl backup_to_purple Replication active
[01:19:52] Idle check: zrepl backup_to_purple Replication active
[01:20:23] Idle check: zrepl backup_to_purple Replication active
[01:20:54] Idle check: zrepl backup_to_purple Replication active
[01:21:25] Idle check: zrepl backup_to_purple Replication active
[01:21:55] Idle check: zrepl backup_to_purple Replication active
[01:22:26] Idle check: zrepl backup_to_purple Replication active
[01:22:57] Idle check: zrepl backup_to_purple Replication active
[01:23:28] Idle check: zrepl backup_to_purple Replication active
[01:23:59] Idle check: zrepl backup_to_purple Replication active
[01:24:29] Idle check: zrepl backup_to_purple Replication active
[01:25:00] Idle check: zrepl backup_to_purple Replication active
[01:25:31] Idle check: zrepl backup_to_purple Replication active
[01:26:02] Idle check: zrepl backup_to_purple Replication active
[01:26:33] Idle check: zrepl backup_to_purple Replication active
[01:27:04] Idle check: zrepl backup_to_purple Replication active
[01:27:34] Idle check: zrepl backup_to_purple Replication active
[01:28:05] Idle check: zrepl backup_to_purple Replication active
[01:28:36] Idle check: zrepl backup_to_purple Replication active
[01:29:07] Idle check: zrepl backup_to_purple Replication active
[01:29:38] Idle check: zrepl backup_to_purple Replication active
[01:30:08] Idle check: zrepl backup_to_purple Replication active
[01:30:39] Idle check: zrepl backup_to_purple Replication active
[01:31:10] Idle check: zrepl backup_to_purple Replication active
[01:31:41] Idle check: zrepl backup_to_purple Replication active
[01:32:11] Idle check: zrepl backup_to_purple Replication active
[01:32:42] Idle check: zrepl backup_to_purple Replication active
[01:33:13] Idle check: zrepl backup_to_purple Replication active
[01:33:44] Idle check: zrepl backup_to_purple Replication active
[01:34:15] Idle check: zrepl backup_to_purple Replication active
[01:34:45] Idle check: zrepl backup_to_purple Replication active
[01:35:16] Idle check: zrepl backup_to_purple Replication active
[01:35:47] Idle check: zrepl backup_to_purple Replication active
[01:36:18] Idle check: zrepl backup_to_purple Replication active
[01:36:49] Idle check: zrepl backup_to_purple Replication active
[01:37:20] Idle check: zrepl backup_to_purple Replication active
[01:37:50] Idle check: zrepl backup_to_purple Replication active
[01:38:21] Idle check: zrepl backup_to_purple Replication active
[01:38:52] Idle check: zrepl backup_to_purple Replication active
[01:39:23] Idle check: zrepl backup_to_purple Replication active
[01:39:54] Idle check: zrepl backup_to_purple Replication active
[01:40:24] Idle check: zrepl backup_to_purple Replication active
[01:40:55] Idle check: zrepl backup_to_purple Replication active
[01:41:26] Idle check: zrepl backup_to_purple Replication active
[01:41:57] Idle check: zrepl backup_to_purple Replication active
[01:42:28] Idle check: zrepl backup_to_purple Replication active
[01:42:58] Idle check: zrepl backup_to_purple Replication active
[01:43:29] Idle check: zrepl backup_to_purple Replication active
[01:44:00] Idle check: zrepl backup_to_purple Replication active
[01:44:31] Idle check: zrepl backup_to_purple Replication active
[01:45:02] Idle check: zrepl backup_to_purple Replication active
[01:45:32] Idle check: zrepl backup_to_purple Replication active
[01:46:03] Idle check: zrepl backup_to_purple Replication active
[01:46:34] Idle check: zrepl backup_to_purple Replication active
[01:47:05] Idle check: zrepl backup_to_purple Replication active
[01:47:36] Idle check: zrepl backup_to_purple Replication active
[01:48:06] Idle check: zrepl backup_to_purple Replication active
[01:48:37] Idle check: zrepl backup_to_purple Replication active
[01:49:08] Idle check: zrepl backup_to_purple Replication active
[01:49:39] Idle check: zrepl backup_to_purple Replication active
[01:50:10] Idle check: zrepl backup_to_purple Replication active
[01:50:40] Idle check: zrepl backup_to_purple Replication active
[01:51:11] Idle check: zrepl backup_to_purple Replication active
[01:51:42] Idle check: zrepl backup_to_purple Replication active
[01:52:13] Idle check: zrepl backup_to_purple Replication active
[01:52:44] Idle check: zrepl backup_to_purple Replication active
[01:53:14] Idle check: zrepl backup_to_purple Replication active
[01:53:45] Idle check: zrepl backup_to_purple Replication active
[01:54:16] Idle check: zrepl backup_to_purple Replication active
[01:54:47] Idle check: zrepl backup_to_purple Replication active
[01:55:18] Idle check: zrepl backup_to_purple Replication active
[01:55:48] Idle check: zrepl backup_to_purple Replication active
[01:56:19] Idle check: zrepl backup_to_purple Replication active
[01:56:50] Idle check: zrepl backup_to_purple Replication active
[01:57:21] Idle check: zrepl backup_to_purple Replication active
[01:57:52] Idle check: zrepl backup_to_purple Replication active
[01:58:23] Idle check: zrepl backup_to_purple Replication active
[01:58:53] Idle check: zrepl backup_to_purple Replication active
[01:59:24] Idle check: zrepl backup_to_purple Replication active
[01:59:55] Idle check: zrepl backup_to_purple Replication active
[02:00:26] Idle check: zrepl backup_to_purple Replication active
[02:00:57] Idle check: zrepl backup_to_purple Replication active
[02:01:27] Idle check: zrepl backup_to_purple Replication active
[02:01:58] Idle check: zrepl backup_to_purple Replication active
[02:02:29] Idle check: zrepl backup_to_purple Replication active
[02:03:00] Idle check: zrepl backup_to_purple Replication active
[02:03:31] Idle check: zrepl backup_to_purple Replication active
[02:04:01] Idle check: zrepl backup_to_purple Replication active
[02:04:32] Idle check: zrepl backup_to_purple Replication active
[02:05:03] Idle check: zrepl backup_to_purple Replication active
[02:05:34] Idle check: zrepl backup_to_purple Replication active
[02:06:05] Idle check: zrepl backup_to_purple Replication active
[02:06:35] Idle check: zrepl backup_to_purple Replication active
[02:07:06] Idle check: zrepl backup_to_purple Replication active
[02:07:37] Idle check: zrepl backup_to_purple Replication active
[02:08:08] Idle check: zrepl backup_to_purple Replication active
[02:08:39] Idle check: zrepl backup_to_purple Replication active
[02:09:09] Idle check: zrepl backup_to_purple Replication active
[02:09:40] Idle check: zrepl backup_to_purple Replication active
[02:10:11] Idle check: zrepl backup_to_purple Replication active
[02:10:42] Idle check: zrepl backup_to_purple Replication active
[02:11:13] Idle check: zrepl backup_to_purple Replication active
[02:11:43] Idle check: zrepl backup_to_purple Replication active
[02:12:14] Idle check: zrepl backup_to_purple Replication active
[02:12:45] Idle check: zrepl backup_to_purple Replication active
[02:13:16] Idle check: zrepl backup_to_purple Replication active
[02:13:47] Idle check: zrepl backup_to_purple Replication active
[02:14:17] Idle check: zrepl backup_to_purple Replication active
[02:14:48] Idle check: zrepl backup_to_purple Replication active
[02:15:19] Idle check: zrepl backup_to_purple Replication active
[02:15:50] Idle check: zrepl backup_to_purple Replication active
[02:16:21] Idle check: zrepl backup_to_purple Replication active
[02:16:51] Idle check: zrepl backup_to_purple Replication active
[02:17:22] Idle check: zrepl backup_to_purple Replication active
[02:17:53] Idle check: zrepl backup_to_purple Replication active
[02:18:24] Idle check: zrepl backup_to_purple Replication active
[02:18:55] Idle check: zrepl backup_to_purple Replication active
[02:19:25] Idle check: zrepl backup_to_purple Replication active
[02:19:56] Idle check: zrepl backup_to_purple Replication active
[02:20:27] Idle check: zrepl backup_to_purple Replication active
[02:20:58] Idle check: zrepl backup_to_purple Replication active
[02:21:29] Idle check: zrepl backup_to_purple Replication active
[02:22:00] Idle check: zrepl backup_to_purple Replication active
[02:22:30] Idle check: zrepl backup_to_purple Replication active
[02:23:01] Idle check: zrepl backup_to_purple Replication active
[02:23:32] Idle check: zrepl backup_to_purple Replication active
[02:24:03] Idle check: zrepl backup_to_purple Replication active
[02:24:34] Idle check: zrepl backup_to_purple Replication active
[02:25:04] Idle check: zrepl backup_to_purple Replication active
[02:25:35] Idle check: zrepl backup_to_purple Replication active
[02:26:06] Idle check: zrepl backup_to_purple Replication active
[02:26:37] Idle check: zrepl backup_to_purple Replication active
[02:27:08] Idle check: zrepl backup_to_purple Replication active
[02:27:38] Idle check: zrepl backup_to_purple Replication active
[02:28:09] Idle check: zrepl backup_to_purple Replication active
[02:28:40] Idle check: zrepl backup_to_purple Replication active
[02:29:11] Idle check: zrepl backup_to_purple Replication active
[02:29:42] Idle check: zrepl backup_to_purple Replication active
[02:30:12] Idle check: zrepl backup_to_purple Replication active
[02:30:43] Idle check: zrepl backup_to_purple Replication active
[02:31:14] Idle check: zrepl backup_to_purple Replication active
[02:31:45] Idle check: zrepl backup_to_purple Replication active
[02:32:16] Idle check: zrepl backup_to_purple Replication active
[02:32:46] Idle check: zrepl backup_to_purple Replication active
[02:33:17] Idle check: zrepl backup_to_purple Replication active
[02:33:48] Idle check: zrepl backup_to_purple Replication active
[02:34:19] Idle check: zrepl backup_to_purple Replication active
[02:34:50] Idle check: zrepl backup_to_purple Replication active
[02:35:20] Idle check: zrepl backup_to_purple Replication active
[02:35:51] Idle check: zrepl backup_to_purple Replication active
[02:36:22] Idle check: zrepl backup_to_purple Replication active
[02:36:53] Idle check: zrepl backup_to_purple Replication active
[02:37:24] Idle check: zrepl backup_to_purple Replication active
[02:37:54] Idle check: zrepl backup_to_purple Replication active
[02:38:25] Idle check: zrepl backup_to_purple Replication active
[02:38:56] Idle check: zrepl backup_to_purple Replication active
[02:39:27] Idle check: zrepl backup_to_purple Replication active
[02:39:58] Idle check: zrepl backup_to_purple Replication active
[02:40:29] Idle check: zrepl backup_to_purple Replication active
[02:40:59] Idle check: zrepl backup_to_purple Replication active
[02:41:30] Idle check: zrepl backup_to_purple Replication active
[02:42:01] Idle check: zrepl backup_to_purple Replication active
[02:42:32] Idle check: zrepl backup_to_purple Replication active
[02:43:03] Idle check: zrepl backup_to_purple Replication active
[02:43:33] Idle check: zrepl backup_to_purple Replication active
[02:44:04] Idle check: zrepl backup_to_purple Replication active
[02:44:35] Idle check: zrepl backup_to_purple Replication active
[02:45:06] Idle check: zrepl backup_to_purple Replication active
[02:45:37] Idle check: zrepl backup_to_purple Replication active
[02:46:07] Idle check: zrepl backup_to_purple Replication active
[02:46:38] Idle check: zrepl backup_to_purple Replication active
[02:47:09] Idle check: zrepl backup_to_purple Replication active
[02:47:40] Idle check: zrepl backup_to_purple Replication active
[02:48:11] Idle check: zrepl backup_to_purple Replication active
[02:48:41] Idle check: zrepl backup_to_purple Replication active
[02:49:12] Idle check: zrepl backup_to_purple Replication active
[02:49:43] Idle check: zrepl backup_to_purple Replication active
[02:50:14] Idle check: zrepl backup_to_purple Replication active
[02:50:45] Idle check: zrepl backup_to_purple Replication active
[02:51:15] Idle check: zrepl backup_to_purple Replication active
[02:51:46] Idle check: zrepl backup_to_purple Replication active
[02:52:17] Idle check: zrepl backup_to_purple Replication active
[02:52:48] Idle check: zrepl backup_to_purple Replication active
[02:53:19] Idle check: zrepl backup_to_purple Replication active
[02:53:49] Idle check: zrepl backup_to_purple Replication active
[02:54:20] Idle check: zrepl backup_to_purple Replication active
[02:54:51] Idle check: zrepl backup_to_purple Replication active
[02:55:22] Idle check: zrepl backup_to_purple Replication active
[02:55:53] Idle check: zrepl backup_to_purple Replication active
[02:56:23] Idle check: zrepl backup_to_purple Replication active
[02:56:54] Idle check: zrepl backup_to_purple Replication active
[02:57:25] Idle check: zrepl backup_to_purple Replication active
[02:57:56] Idle check: zrepl backup_to_purple Replication active
[02:58:27] Idle check: zrepl backup_to_purple Replication active
[02:58:57] Idle check: zrepl backup_to_purple Replication active
[02:59:28] Idle check: zrepl backup_to_purple Replication active
[02:59:59] Idle check: zrepl backup_to_purple Replication active
[03:00:30] Idle check: zrepl backup_to_purple Replication active
[03:01:01] Idle check: zrepl backup_to_purple Replication active
[03:01:32] Idle check: zrepl backup_to_purple Replication active
[03:02:02] Idle check: zrepl backup_to_purple Replication active
[03:02:33] Idle check: zrepl backup_to_purple Replication active
[03:03:04] Idle check: zrepl backup_to_purple Replication active
[03:03:35] Idle check: zrepl backup_to_purple Replication active
[03:04:06] Idle check: zrepl backup_to_purple Replication active
[03:04:36] Idle check: zrepl backup_to_purple Replication active
[03:05:07] Idle check: zrepl backup_to_purple Replication active
[03:05:38] Idle check: zrepl backup_to_purple Replication active
[03:06:09] Idle check: zrepl backup_to_purple Replication active
[03:06:40] Idle check: zrepl backup_to_purple Replication active
[03:07:10] Idle check: zrepl backup_to_purple Replication active
[03:07:41] Idle check: zrepl backup_to_purple Replication active
[03:08:12] Idle check: zrepl backup_to_purple Replication active
[03:08:43] Idle check: zrepl backup_to_purple Replication active
[03:09:14] Idle check: zrepl backup_to_purple Replication active
[03:09:44] Idle check: zrepl backup_to_purple Replication active
[03:10:15] Idle check: zrepl backup_to_purple Replication active
[03:10:46] Idle check: zrepl backup_to_purple Replication active
[03:11:17] Idle check: zrepl backup_to_purple Replication active
[03:11:48] Idle check: zrepl backup_to_purple Replication active
[03:12:18] Idle check: zrepl backup_to_purple Replication active
[03:12:49] Idle check: zrepl backup_to_purple Replication active
[03:13:20] Idle check: zrepl backup_to_purple Replication active
[03:13:51] Idle check: zrepl backup_to_purple Replication active
[03:14:22] Idle check: zrepl backup_to_purple Replication active
[03:14:52] Idle check: zrepl backup_to_purple Replication active
[03:15:23] Idle check: zrepl backup_to_purple Replication active
[03:15:54] Idle check: zrepl backup_to_purple Replication active
[03:16:25] Idle check: zrepl backup_to_purple Replication active
[03:16:56] Idle check: zrepl backup_to_purple Replication active
[03:17:26] Idle check: zrepl backup_to_purple Replication active
[03:17:57] Idle check: zrepl backup_to_purple Replication active
[03:18:28] Idle check: zrepl backup_to_purple Replication active
[03:18:59] Idle check: zrepl backup_to_purple Replication active
[03:19:30] Idle check: zrepl backup_to_purple Replication active
[03:20:00] Idle check: zrepl backup_to_purple Replication active
[03:20:31] Idle check: zrepl backup_to_purple Replication active
[03:21:02] Idle check: zrepl backup_to_purple Replication active
[03:21:33] Idle check: zrepl backup_to_purple Replication active
[03:22:04] Idle check: zrepl backup_to_purple Replication active
[03:22:35] Idle check: zrepl backup_to_purple Replication active
[03:23:05] Idle check: zrepl backup_to_purple Replication active
[03:23:36] Idle check: zrepl backup_to_purple Replication active
[03:24:07] Idle check: zrepl backup_to_purple Replication active
[03:24:38] Idle check: zrepl backup_to_purple Replication active
[03:25:09] Idle check: zrepl backup_to_purple Replication active
[03:25:39] Idle check: zrepl backup_to_purple Replication active
[03:26:10] Idle check: zrepl backup_to_purple Replication active
[03:26:41] Idle check: zrepl backup_to_purple Replication active
[03:27:12] Idle check: zrepl backup_to_purple Replication active
[03:27:43] Idle check: zrepl backup_to_purple Replication active
[03:28:13] Idle check: zrepl backup_to_purple Replication active
[03:28:44] Idle check: zrepl backup_to_purple Replication active
[03:29:15] Idle check: zrepl backup_to_purple Replication active
[03:29:46] Idle check: zrepl backup_to_purple Replication active
[03:30:17] Idle check: zrepl backup_to_purple Replication active
[03:30:47] Idle check: zrepl backup_to_purple Replication active
[03:31:18] Idle check: zrepl backup_to_purple Replication active
[03:31:49] Idle check: zrepl backup_to_purple Replication active
[03:32:20] Idle check: zrepl backup_to_purple Replication active
[03:32:51] Idle check: zrepl backup_to_purple Replication active
[03:33:21] Idle check: zrepl backup_to_purple Replication active
[03:33:52] Idle check: zrepl backup_to_purple Replication active
[03:34:23] Idle check: zrepl backup_to_purple Replication active
[03:34:54] Idle check: zrepl backup_to_purple Replication active
[03:35:25] Idle check: zrepl backup_to_purple Replication active
[03:35:55] Idle check: zrepl backup_to_purple Replication active
[03:36:26] Idle check: zrepl backup_to_purple Replication active
[03:36:57] Idle check: zrepl backup_to_purple Replication active
[03:37:28] Idle check: zrepl backup_to_purple Replication active
[03:37:59] Idle check: zrepl backup_to_purple Replication active
[03:38:30] Idle check: zrepl backup_to_purple Replication active
[03:39:00] Idle check: zrepl backup_to_purple Replication active
[03:39:31] Idle check: zrepl backup_to_purple Replication active
[03:40:02] Idle check: zrepl backup_to_purple Replication active
[03:40:33] Idle check: zrepl backup_to_purple Replication active
[03:41:04] Idle check: zrepl backup_to_purple Replication active
[03:41:34] Idle check: zrepl backup_to_purple Replication active
[03:42:05] Idle check: zrepl backup_to_purple Replication active
[03:42:36] Idle check: zrepl backup_to_purple Replication active
[03:43:07] Idle check: zrepl backup_to_purple Replication active
[03:43:38] Idle check: zrepl backup_to_purple Replication active
[03:44:08] Idle check: zrepl backup_to_purple Replication active
[03:44:39] Idle check: zrepl backup_to_purple Replication active
[03:45:10] Idle check: zrepl backup_to_purple Replication active
[03:45:41] Idle check: zrepl backup_to_purple Replication active
[03:46:12] Idle check: zrepl backup_to_purple Replication active
[03:46:43] Idle check: zrepl backup_to_purple Replication active
[03:47:13] Idle check: zrepl backup_to_purple Replication active
[03:47:44] Idle check: zrepl backup_to_purple Replication active
[03:48:15] Idle check: zrepl backup_to_purple Replication active
[03:48:46] Idle check: zrepl backup_to_purple Replication active
[03:49:17] Idle check: zrepl backup_to_purple Replication active
[03:49:47] Idle check: zrepl backup_to_purple Replication active
[03:50:18] Idle check: zrepl backup_to_purple Replication active
[03:50:49] Idle check: zrepl backup_to_purple Replication active
[03:51:20] Idle check: zrepl backup_to_purple Replication active
[03:51:51] Idle check: zrepl backup_to_purple Replication active
[03:52:21] Idle check: zrepl backup_to_purple Replication active
[03:52:52] Idle check: zrepl backup_to_purple Replication active
[03:53:23] Idle check: zrepl backup_to_purple Replication active
[03:53:54] Idle check: zrepl backup_to_purple Replication active
[03:54:25] Idle check: zrepl backup_to_purple Replication active
[03:54:55] Idle check: zrepl backup_to_purple Replication active
[03:55:26] Idle check: zrepl backup_to_purple Replication active
[03:55:57] Idle check: zrepl backup_to_purple Replication active
[03:56:28] Idle check: zrepl backup_to_purple Replication active
[03:56:59] Idle check: zrepl backup_to_purple Replication active
[03:57:30] Idle check: zrepl backup_to_purple Replication active
[03:58:00] Idle check: zrepl backup_to_purple Replication active
[03:58:31] Idle check: zrepl backup_to_purple Replication active
[03:59:02] Idle check: zrepl backup_to_purple Replication active
[03:59:33] Idle check: zrepl backup_to_purple Replication active
[04:00:04] Idle check: zrepl backup_to_purple Replication active
[04:00:34] Idle check: zrepl backup_to_purple Replication active
[04:01:05] Idle check: zrepl backup_to_purple Replication active
[04:01:36] Idle check: zrepl backup_to_purple Replication active
[04:02:07] Idle check: zrepl backup_to_purple Replication active
[04:02:38] Idle check: zrepl backup_to_purple Replication active
[04:03:09] Idle check: zrepl backup_to_purple Replication active
[04:03:39] Idle check: zrepl backup_to_purple Replication active
[04:04:10] Idle check: zrepl backup_to_purple Replication active
[04:04:41] Idle check: zrepl backup_to_purple Replication active
[04:05:12] Idle check: zrepl backup_to_purple Replication active
[04:05:43] Idle check: zrepl backup_to_purple Replication active
[04:06:13] Idle check: zrepl backup_to_purple Replication active
[04:06:44] Idle check: zrepl backup_to_purple Replication active
[04:07:15] Idle check: zrepl backup_to_purple Replication active
[04:07:46] Idle check: zrepl backup_to_purple Replication active
[04:08:17] Idle check: zrepl backup_to_purple Replication active
[04:08:47] Idle check: zrepl backup_to_purple Replication active
[04:09:18] Idle check: zrepl backup_to_purple Replication active
[04:09:49] Idle check: zrepl backup_to_purple Replication active
[04:10:20] Idle check: zrepl backup_to_purple Replication active
[04:10:51] Idle check: zrepl backup_to_purple Replication active
[04:11:21] Idle check: zrepl backup_to_purple Replication active
[04:11:52] Idle check: zrepl backup_to_purple Replication active
[04:12:23] Idle check: zrepl backup_to_purple Replication active
[04:12:54] Idle check: zrepl backup_to_purple Replication active
[04:13:25] Idle check: zrepl backup_to_purple Replication active
[04:13:55] Idle check: zrepl backup_to_purple Replication active
[04:14:26] Idle check: zrepl backup_to_purple Replication active
[04:14:57] Idle check: zrepl backup_to_purple Replication active
[04:15:28] Idle check: zrepl backup_to_purple Replication active
[04:15:59] Idle check: zrepl backup_to_purple Replication active
[04:16:29] Idle check: zrepl backup_to_purple Replication active
[04:17:00] Idle check: zrepl backup_to_purple Replication active
[04:17:31] Idle check: zrepl backup_to_purple Replication active
[04:18:02] Idle check: zrepl backup_to_purple Replication active
[04:18:33] Idle check: zrepl backup_to_purple Replication active
[04:19:03] Idle check: zrepl backup_to_purple Replication active
[04:19:34] Idle check: zrepl backup_to_purple Replication active
[04:20:05] Idle check: zrepl backup_to_purple Replication active
[04:20:36] Idle check: zrepl backup_to_purple Replication active
[04:21:07] Idle check: zrepl backup_to_purple Replication active
[04:21:37] Idle check: zrepl backup_to_purple Replication active
[04:22:08] Idle check: zrepl backup_to_purple Replication active
[04:22:39] Idle check: zrepl backup_to_purple Replication active
[04:23:10] Idle check: zrepl backup_to_purple Replication active
[04:23:41] Idle check: zrepl backup_to_purple Replication active
[04:24:11] Idle check: zrepl backup_to_purple Replication active
[04:24:42] Idle check: zrepl backup_to_purple Replication active
[04:25:13] Idle check: zrepl backup_to_purple Replication active
[04:25:44] Idle check: zrepl backup_to_purple Replication active
[04:26:15] Idle check: zrepl backup_to_purple Replication active
[04:26:45] Idle check: zrepl backup_to_purple Replication active
[04:27:16] Idle check: zrepl backup_to_purple Replication active
[04:27:47] Idle check: zrepl backup_to_purple Replication active
[04:28:18] Idle check: zrepl backup_to_purple Replication active
[04:28:49] Idle check: zrepl backup_to_purple Replication active
[04:29:20] Idle check: zrepl backup_to_purple Replication active
[04:29:50] Idle check: zrepl backup_to_purple Replication active
[04:30:21] Idle check: zrepl backup_to_purple Replication active
[04:30:52] Idle check: zrepl backup_to_purple Replication active
[04:31:23] Idle check: zrepl backup_to_purple Replication active
[04:31:54] Idle check: zrepl backup_to_purple Replication active
[04:32:24] Idle check: zrepl backup_to_purple Replication active
[04:32:55] Idle check: zrepl backup_to_purple Replication active
[04:33:26] Idle check: zrepl backup_to_purple Replication active
[04:33:57] Idle check: zrepl backup_to_purple Replication active
[04:34:28] Idle check: zrepl backup_to_purple Replication active
[04:34:58] Idle check: zrepl backup_to_purple Replication active
[04:35:29] Idle check: zrepl backup_to_purple Replication active
[04:36:00] Idle check: zrepl backup_to_purple Replication active
[04:36:31] Idle check: zrepl backup_to_purple Replication active
[04:37:02] Idle check: zrepl backup_to_purple Replication active
[04:37:32] Idle check: zrepl backup_to_purple Replication active
[04:38:03] Idle check: zrepl backup_to_purple Replication active
[04:38:34] Idle check: zrepl backup_to_purple Replication active
[04:39:05] Idle check: zrepl backup_to_purple Replication active
[04:39:36] Idle check: zrepl backup_to_purple Replication active
[04:40:06] Idle check: zrepl backup_to_purple Replication active
[04:40:37] Idle check: zrepl backup_to_purple Replication active
[04:41:08] Idle check: zrepl backup_to_purple Replication active
[04:41:39] Idle check: zrepl backup_to_purple Replication active
[04:42:10] Idle check: zrepl backup_to_purple Replication active
[04:42:40] Idle check: zrepl backup_to_purple Replication active
[04:43:11] Idle check: zrepl backup_to_purple Replication active
[04:43:42] Idle check: zrepl backup_to_purple Replication active
[04:44:13] Idle check: zrepl backup_to_purple Replication active
[04:44:44] Idle check: zrepl backup_to_purple Replication active
[04:45:14] Idle check: zrepl backup_to_purple Replication active
[04:45:45] Idle check: zrepl backup_to_purple Replication active
[04:46:16] Idle check: zrepl backup_to_purple Replication active
[04:46:47] Idle check: zrepl backup_to_purple Replication active
[04:47:18] Idle check: zrepl backup_to_purple Replication active
[04:47:49] Idle check: zrepl backup_to_purple Replication active
[04:48:19] Idle check: zrepl backup_to_purple Replication active
[04:48:50] Idle check: zrepl backup_to_purple Replication active
[04:49:21] Idle check: zrepl backup_to_purple Replication active
[04:49:52] Idle check: zrepl backup_to_purple Replication active
[04:50:23] Idle check: zrepl backup_to_purple Replication active
[04:50:53] Idle check: zrepl backup_to_purple Replication active
[04:51:24] Idle check: zrepl backup_to_purple Replication active
[04:51:55] Idle check: zrepl backup_to_purple Replication active
[04:52:26] Idle check: zrepl backup_to_purple Replication active
[04:52:57] Idle check: zrepl backup_to_purple Replication active
[04:53:27] Idle check: zrepl backup_to_purple Replication active
[04:53:58] Idle check: zrepl backup_to_purple Replication active
[04:54:29] Idle check: zrepl backup_to_purple Replication active
[04:55:00] Idle check: zrepl backup_to_purple Replication active
[04:55:31] Idle check: zrepl backup_to_purple Replication active
[04:56:01] Idle check: zrepl backup_to_purple Replication active
[04:56:32] Idle check: zrepl backup_to_purple Replication active
[04:57:03] Idle check: zrepl backup_to_purple Replication active
[04:57:34] Idle check: zrepl backup_to_purple Replication active
[04:58:05] Idle check: zrepl backup_to_purple Replication active
[04:58:35] Idle check: zrepl backup_to_purple Replication active
[04:59:06] Idle check: zrepl backup_to_purple Replication active
[04:59:37] Idle check: zrepl backup_to_purple Replication active
[05:00:08] Idle check: zrepl backup_to_purple Replication active
[05:00:39] Idle check: zrepl backup_to_purple Replication active
[05:01:10] Idle check: zrepl backup_to_purple Replication active
[05:01:40] Idle check: zrepl backup_to_purple Replication active
[05:02:11] Idle check: zrepl backup_to_purple Replication active
[05:02:42] Idle check: zrepl backup_to_purple Replication active
[05:03:13] Idle check: zrepl backup_to_purple Replication active
[05:03:43] Idle check: zrepl backup_to_purple Replication active
[05:04:14] Idle check: zrepl backup_to_purple Replication active
[05:04:45] Idle check: zrepl backup_to_purple Replication active
[05:05:16] Idle check: zrepl backup_to_purple Replication active
[05:05:47] Idle check: zrepl backup_to_purple Replication active
[05:06:17] Idle check: zrepl backup_to_purple Replication active
[05:06:48] Idle check: zrepl backup_to_purple Replication active
[05:07:19] Idle check: zrepl backup_to_purple Replication active
[05:07:50] Idle check: zrepl backup_to_purple Replication active
[05:08:21] Idle check: zrepl backup_to_purple Replication active
[05:08:52] Idle check: zrepl backup_to_purple Replication active
[05:09:22] Idle check: zrepl backup_to_purple Replication active
[05:09:53] Idle check: zrepl backup_to_purple Replication active
[05:10:24] Idle check: zrepl backup_to_purple Replication active
[05:10:55] Idle check: zrepl backup_to_purple Replication active
[05:11:26] Idle check: zrepl backup_to_purple Replication active
[05:11:56] Idle check: zrepl backup_to_purple Replication active
[05:12:27] Idle check: zrepl backup_to_purple Replication active
[05:12:58] Idle check: zrepl backup_to_purple Replication active
[05:13:29] Idle check: zrepl backup_to_purple Replication active
[05:14:00] Idle check: zrepl backup_to_purple Replication active
[05:14:30] Idle check: zrepl backup_to_purple Replication active
[05:15:01] Idle check: zrepl backup_to_purple Replication active
[05:15:32] Idle check: zrepl backup_to_purple Replication active
[05:16:03] Idle check: zrepl backup_to_purple Replication active
[05:16:34] Idle check: zrepl backup_to_purple Replication active
[05:17:04] Idle check: zrepl backup_to_purple Replication active
[05:17:35] Idle check: zrepl backup_to_purple Replication active
[05:18:06] Idle check: zrepl backup_to_purple Replication active
[05:18:37] Idle check: zrepl backup_to_purple Replication active
[05:19:08] Idle check: zrepl backup_to_purple Replication active
[05:19:39] Idle check: zrepl backup_to_purple Replication active
[05:20:09] Idle check: zrepl backup_to_purple Replication active
[05:20:40] Idle check: zrepl backup_to_purple Replication active
[05:21:11] Idle check: zrepl backup_to_purple Replication active
[05:21:42] Idle check: zrepl backup_to_purple Replication active
[05:22:13] Idle check: zrepl backup_to_purple Replication active
[05:22:43] Idle check: zrepl backup_to_purple Replication active
[05:23:14] Idle check: zrepl backup_to_purple Replication active
[05:23:45] Idle check: zrepl backup_to_purple Replication active
[05:24:16] Idle check: zrepl backup_to_purple Replication active
[05:24:47] Idle check: zrepl backup_to_purple Replication active
[05:25:17] Idle check: zrepl backup_to_purple Replication active
[05:25:48] Idle check: zrepl backup_to_purple Replication active
[05:26:19] Idle check: zrepl backup_to_purple Replication active
[05:26:50] Idle check: zrepl backup_to_purple Replication active
[05:27:21] Idle check: zrepl backup_to_purple Replication active
[05:27:51] Idle check: zrepl backup_to_purple Replication active
[05:28:22] Idle check: zrepl backup_to_purple Replication active
[05:28:53] Idle check: zrepl backup_to_purple Replication active
[05:29:24] Idle check: zrepl backup_to_purple Replication active
[05:29:55] Idle check: zrepl backup_to_purple Replication active
[05:30:25] Idle check: zrepl backup_to_purple Replication active
[05:30:56] Idle check: zrepl backup_to_purple Replication active
[05:31:27] Idle check: zrepl backup_to_purple Replication active
[05:31:58] Idle check: zrepl backup_to_purple Replication active
[05:32:29] Idle check: zrepl backup_to_purple Replication active
[05:32:59] Idle check: zrepl backup_to_purple Replication active
[05:33:30] Idle check: zrepl backup_to_purple Replication active
[05:34:01] Idle check: zrepl backup_to_purple Replication active
[05:34:32] Idle check: zrepl backup_to_purple Replication active
[05:35:03] Idle check: zrepl backup_to_purple Replication active
[05:35:34] Idle check: zrepl backup_to_purple Replication active
[05:36:04] Idle check: zrepl backup_to_purple Replication active
[05:36:35] Idle check: zrepl backup_to_purple Replication active
[05:37:06] Idle check: zrepl backup_to_purple Replication active
[05:37:37] Idle check: zrepl backup_to_purple Replication active
[05:38:08] Idle check: zrepl backup_to_purple Replication active
[05:38:38] Idle check: zrepl backup_to_purple Replication active
[05:39:09] Idle check: zrepl backup_to_purple Replication active
[05:39:40] Idle check: zrepl backup_to_purple Replication active
[05:40:11] Idle check: zrepl backup_to_purple Replication active
[05:40:42] Idle check: zrepl backup_to_purple Replication active
[05:41:12] Idle check: zrepl backup_to_purple Replication active
[05:41:43] Idle check: zrepl backup_to_purple Replication active
[05:42:14] Idle check: zrepl backup_to_purple Replication active
[05:42:45] Idle check: zrepl backup_to_purple Replication active
[05:43:16] Idle check: zrepl backup_to_purple Replication active
[05:43:46] Idle check: zrepl backup_to_purple Replication active
[05:44:17] Idle check: zrepl backup_to_purple Replication active
[05:44:48] Idle check: zrepl backup_to_purple Replication active
[05:45:19] Idle check: zrepl backup_to_purple Replication active
[05:45:50] Idle check: zrepl backup_to_purple Replication active
[05:46:21] Idle check: zrepl backup_to_purple Replication active
[05:46:51] Idle check: zrepl backup_to_purple Replication active
[05:47:22] Idle check: zrepl backup_to_purple Replication active
[05:47:53] Idle check: zrepl backup_to_purple Replication active
[05:48:24] Idle check: zrepl backup_to_purple Replication active
[05:48:55] Idle check: zrepl backup_to_purple Replication active
[05:49:25] Idle check: zrepl backup_to_purple Replication active
[05:49:56] Idle check: zrepl backup_to_purple Replication active
[05:50:27] Idle check: zrepl backup_to_purple Replication active
[05:50:58] Idle check: zrepl backup_to_purple Replication active
[05:51:29] Idle check: zrepl backup_to_purple Replication active
[05:51:59] Idle check: zrepl backup_to_purple Replication active
[05:52:30] Idle check: zrepl backup_to_purple Replication active
[05:53:01] Idle check: zrepl backup_to_purple Replication active
[05:53:32] Idle check: zrepl backup_to_purple Replication active
[05:54:03] Idle check: zrepl backup_to_purple Replication active
[05:54:33] Idle check: zrepl backup_to_purple Replication active
[05:55:04] Idle check: zrepl backup_to_purple Replication active
[05:55:35] Idle check: zrepl backup_to_purple Replication active
[05:56:06] Idle check: zrepl backup_to_purple Replication active
[05:56:37] Idle check: zrepl backup_to_purple Replication active
[05:57:07] Idle check: zrepl backup_to_purple Replication active
[05:57:38] Idle check: zrepl backup_to_purple Replication active
[05:58:09] Idle check: zrepl backup_to_purple Replication active
[05:58:40] Idle check: zrepl backup_to_purple Replication active
[05:59:11] Idle check: zrepl backup_to_purple Replication active
[05:59:42] Idle check: zrepl backup_to_purple Replication active
[06:00:12] Idle check: zrepl backup_to_purple Replication active
[06:00:43] Idle check: zrepl backup_to_purple Replication active
[06:01:14] Idle check: zrepl backup_to_purple Replication active
[06:01:45] Idle check: zrepl backup_to_purple Replication active
[06:02:16] Idle check: zrepl backup_to_purple Replication active
[06:02:46] Idle check: load=1.05 (need < 1.0)
[06:03:17] Idle check: zrepl backup_to_purple Replication active
[06:03:48] Idle check: zrepl backup_to_purple Replication active
[06:04:18] Idle check: zrepl backup_to_purple Replication active
[06:04:49] Idle check: zrepl backup_to_purple Replication active
[06:05:20] Idle check: zrepl backup_to_purple Replication active
[06:05:51] Idle check: zrepl backup_to_purple Replication active
[06:06:22] Idle check: zrepl backup_to_purple Replication active
[06:06:52] Idle check: zrepl backup_to_purple Replication active
[06:07:23] Idle check: zrepl backup_to_purple Replication active
[06:07:54] Idle check: zrepl backup_to_purple Replication active
[06:08:25] Idle check: zrepl backup_to_purple Replication active
[06:08:56] Idle check: zrepl backup_to_purple Replication active
[06:09:26] Idle check: zrepl backup_to_purple Replication active
[06:09:57] Idle check: zrepl backup_to_purple Replication active
[06:10:28] Idle check: zrepl backup_to_purple Replication active
[06:10:59] Idle check: zrepl backup_to_purple Replication active
[06:11:30] Idle check: zrepl backup_to_purple Replication active
[06:12:00] Idle check: zrepl backup_to_purple Replication active
[06:12:31] Idle check: zrepl backup_to_purple Replication active
[06:13:02] Idle check: zrepl backup_to_purple Replication active
[06:13:33] Idle check: zrepl backup_to_purple Replication active
[06:14:04] Idle check: zrepl backup_to_purple Replication active
[06:14:34] Idle check: zrepl backup_to_purple Replication active
[06:15:05] Idle check: zrepl backup_to_purple Replication active
[06:15:36] Idle check: zrepl backup_to_purple Replication active
[06:16:07] Idle check: zrepl backup_to_purple Replication active
[06:16:38] Idle check: zrepl backup_to_purple Replication active
[06:17:08] Idle check: zrepl backup_to_purple Replication active
[06:17:39] Idle check: zrepl backup_to_purple Replication active
[06:18:10] Idle check: zrepl backup_to_purple Replication active
[06:18:41] Idle check: zrepl backup_to_purple Replication active
[06:19:12] Idle check: zrepl backup_to_purple Replication active
[06:19:43] Idle check: zrepl backup_to_purple Replication active
[06:20:13] Idle check: zrepl backup_to_purple Replication active
[06:20:44] Idle check: zrepl backup_to_purple Replication active
[06:21:15] Idle check: zrepl backup_to_purple Replication active
[06:21:46] Idle check: zrepl backup_to_purple Replication active
[06:22:17] Idle check: zrepl backup_to_purple Replication active
[06:22:47] Idle check: zrepl backup_to_purple Replication active
[06:23:18] Idle check: zrepl backup_to_purple Replication active
[06:23:49] Idle check: zrepl backup_to_purple Replication active
[06:24:20] Idle check: zrepl backup_to_purple Replication active
[06:24:51] Idle check: zrepl backup_to_purple Replication active
[06:25:21] Idle check: zrepl backup_to_purple Replication active
[06:25:52] Idle check: zrepl backup_to_purple Replication active
[06:26:23] Idle check: zrepl backup_to_purple Replication active
[06:26:54] Idle check: zrepl backup_to_purple Replication active
[06:27:25] Idle check: zrepl backup_to_purple Replication active
[06:27:55] Idle check: zrepl backup_to_purple Replication active
[06:28:26] Idle check: zrepl backup_to_purple Replication active
[06:28:57] Idle check: zrepl backup_to_purple Replication active
[06:29:28] Idle check: zrepl backup_to_purple Replication active
[06:29:59] Idle check: zrepl backup_to_purple Replication active
[06:30:29] Idle check: zrepl backup_to_purple Replication active
[06:31:00] Idle check: zrepl backup_to_purple Replication active
[06:31:31] Idle check: zrepl backup_to_purple Replication active
[06:32:02] Idle check: zrepl backup_to_purple Replication active
[06:32:33] Idle check: zrepl backup_to_purple Replication active
[06:33:03] Idle check: zrepl backup_to_purple Replication active
[06:33:34] Idle check: zrepl backup_to_purple Replication active
[06:34:05] Idle check: zrepl backup_to_purple Replication active
[06:34:36] Idle check: zrepl backup_to_purple Replication active
[06:35:07] Idle check: zrepl backup_to_purple Replication active
[06:35:37] Idle check: zrepl backup_to_purple Replication active
[06:36:08] Idle check: zrepl backup_to_purple Replication active
[06:36:39] Idle check: zrepl backup_to_purple Replication active
[06:37:10] Idle check: zrepl backup_to_purple Replication active
[06:37:41] Idle check: zrepl backup_to_purple Replication active
[06:38:11] Idle check: zrepl backup_to_purple Replication active
[06:38:42] Idle check: zrepl backup_to_purple Replication active
[06:39:13] Idle check: zrepl backup_to_purple Replication active
[06:39:44] Idle check: zrepl backup_to_purple Replication active
[06:40:15] Idle check: zrepl backup_to_purple Replication active
[06:40:46] Idle check: zrepl backup_to_purple Replication active
[06:41:16] Idle check: zrepl backup_to_purple Replication active
[06:41:47] Idle check: zrepl backup_to_purple Replication active
[06:42:18] Idle check: zrepl backup_to_purple Replication active
[06:42:49] Idle check: zrepl backup_to_purple Replication active
[06:43:20] Idle check: zrepl backup_to_purple Replication active
[06:43:50] Idle check: zrepl backup_to_purple Replication active
[06:44:21] Idle check: zrepl backup_to_purple Replication active
[06:44:52] Idle check: zrepl backup_to_purple Replication active
[06:45:23] Idle check: zrepl backup_to_purple Replication active
[06:45:54] Idle check: zrepl backup_to_purple Replication active
[06:46:24] Idle check: zrepl backup_to_purple Replication active
[06:46:55] Idle check: zrepl backup_to_purple Replication active
[06:47:26] Idle check: zrepl backup_to_purple Replication active
[06:47:57] Idle check: zrepl backup_to_purple Replication active
[06:48:28] Idle check: zrepl backup_to_purple Replication active
[06:48:58] Idle check: zrepl backup_to_purple Replication active
[06:49:29] Idle check: zrepl backup_to_purple Replication active
[06:50:00] Idle check: zrepl backup_to_purple Replication active
[06:50:31] Idle check: zrepl backup_to_purple Replication active
[06:51:02] Idle check: zrepl backup_to_purple Replication active
[06:51:32] Idle check: zrepl backup_to_purple Replication active
[06:52:03] Idle check: zrepl backup_to_purple Replication active
[06:52:34] Idle check: zrepl backup_to_purple Replication active
[06:53:05] Idle check: zrepl backup_to_purple Replication active
[06:53:36] Idle check: zrepl backup_to_purple Replication active
[06:54:06] Idle check: zrepl backup_to_purple Replication active
[06:54:37] Idle check: zrepl backup_to_purple Replication active
[06:55:08] Idle check: zrepl backup_to_purple Replication active
[06:55:39] Idle check: zrepl backup_to_purple Replication active
[06:56:10] Idle check: zrepl backup_to_purple Replication active
[06:56:40] Idle check: zrepl backup_to_purple Replication active
[06:57:11] Idle check: zrepl backup_to_purple Replication active
[06:57:42] Idle check: zrepl backup_to_purple Replication active
[06:58:13] Idle check: zrepl backup_to_purple Replication active
[06:58:44] Idle check: zrepl backup_to_purple Replication active
[06:59:15] Idle check: zrepl backup_to_purple Replication active
[06:59:45] Idle check: zrepl backup_to_purple Replication active
[07:00:16] Idle check: zrepl backup_to_purple Replication active
[07:00:47] Idle check: zrepl backup_to_purple Replication active
[07:01:18] Idle check: zrepl backup_to_purple Replication active
[07:01:49] Idle check: zrepl backup_to_purple Replication active
[07:02:19] Idle check: zrepl backup_to_purple Replication active
[07:02:50] Idle check: zrepl backup_to_purple Replication active
[07:03:21] Idle check: zrepl backup_to_purple Replication active
[07:03:52] Idle check: zrepl backup_to_purple Replication active
[07:04:23] Idle check: zrepl backup_to_purple Replication active
[07:04:53] Idle check: zrepl backup_to_purple Replication active
[07:05:24] Idle check: zrepl backup_to_purple Replication active
[07:05:55] Idle check: zrepl backup_to_purple Replication active
[07:06:26] Idle check: zrepl backup_to_purple Replication active
[07:06:57] Idle check: zrepl backup_to_purple Replication active
[07:07:28] Idle check: zrepl backup_to_purple Replication active
[07:07:58] Idle check: zrepl backup_to_purple Replication active
[07:08:29] Idle check: zrepl backup_to_purple Replication active
[07:09:00] Idle check: zrepl backup_to_purple Replication active
[07:09:31] Idle check: zrepl backup_to_purple Replication active
[07:10:02] Idle check: zrepl backup_to_purple Replication active
[07:10:32] Idle check: zrepl backup_to_purple Replication active
[07:11:03] Idle check: zrepl backup_to_purple Replication active
[07:11:34] Idle check: zrepl backup_to_purple Replication active
[07:12:05] Idle check: zrepl backup_to_purple Replication active
[07:12:36] Idle check: zrepl backup_to_purple Replication active
[07:13:06] Idle check: zrepl backup_to_purple Replication active
[07:13:37] Idle check: zrepl backup_to_purple Replication active
[07:14:08] Idle check: zrepl backup_to_purple Replication active
[07:14:39] Idle check: zrepl backup_to_purple Replication active
[07:15:10] Idle check: zrepl backup_to_purple Replication active
[07:15:40] Idle check: zrepl backup_to_purple Replication active
[07:16:11] Idle check: zrepl backup_to_purple Replication active
[07:16:42] Idle check: zrepl backup_to_purple Replication active
[07:17:13] Idle check: zrepl backup_to_purple Replication active
[07:17:44] Idle check: zrepl backup_to_purple Replication active
[07:18:14] Idle check: zrepl backup_to_purple Replication active
[07:18:45] Idle check: zrepl backup_to_purple Replication active
[07:19:16] Idle check: zrepl backup_to_purple Replication active
[07:19:47] Idle check: zrepl backup_to_purple Replication active
[07:20:18] Idle check: zrepl backup_to_purple Replication active
[07:20:48] Idle check: zrepl backup_to_purple Replication active
[07:21:19] Idle check: zrepl backup_to_purple Replication active
[07:21:50] Idle check: zrepl backup_to_purple Replication active
[07:22:21] Idle check: zrepl backup_to_purple Replication active
[07:22:52] Idle check: zrepl backup_to_purple Replication active
[07:23:22] Idle check: zrepl backup_to_purple Replication active
[07:23:53] Idle check: zrepl backup_to_purple Replication active
[07:24:24] Idle check: zrepl backup_to_purple Replication active
[07:24:55] Idle check: zrepl backup_to_purple Replication active
[07:25:26] Idle check: zrepl backup_to_purple Replication active
[07:25:56] Idle check: zrepl backup_to_purple Replication active
[07:26:27] Idle check: zrepl backup_to_purple Replication active
[07:26:58] Idle check: zrepl backup_to_purple Replication active
[07:27:29] Idle check: zrepl backup_to_purple Replication active
[07:28:00] Idle check: zrepl backup_to_purple Replication active
[07:28:30] Idle check: zrepl backup_to_purple Replication active
[07:29:01] Idle check: zrepl backup_to_purple Replication active
[07:29:32] Idle check: zrepl backup_to_purple Replication active
[07:30:03] Idle check: zrepl backup_to_purple Replication active
[07:30:34] Idle check: zrepl backup_to_purple Replication active
[07:31:04] Idle check: zrepl backup_to_purple Replication active
[07:31:35] Idle check: zrepl backup_to_purple Replication active
[07:32:06] Idle check: zrepl backup_to_purple Replication active
[07:32:37] Idle check: zrepl backup_to_purple Replication active
[07:33:08] Idle check: zrepl backup_to_purple Replication active
[07:33:39] Idle check: zrepl backup_to_purple Replication active
[07:34:09] Idle check: zrepl backup_to_purple Replication active
[07:34:40] Idle check: zrepl backup_to_purple Replication active
[07:35:11] Idle check: zrepl backup_to_purple Replication active
[07:35:42] Idle check: zrepl backup_to_purple Replication active
[07:36:13] Idle check: zrepl backup_to_purple Replication active
[07:36:44] Idle check: zrepl backup_to_purple Replication active
[07:37:14] Idle check: zrepl backup_to_purple Replication active
[07:37:45] Idle check: zrepl backup_to_purple Replication active
[07:38:16] Idle check: zrepl backup_to_purple Replication active
[07:38:47] Idle check: zrepl backup_to_purple Replication active
[07:39:18] Idle check: zrepl backup_to_purple Replication active
[07:39:48] Idle check: zrepl backup_to_purple Replication active
[07:40:19] Idle check: zrepl backup_to_purple Replication active
[07:40:50] Idle check: zrepl backup_to_purple Replication active
[07:41:21] Idle check: zrepl backup_to_purple Replication active
[07:41:52] Idle check: zrepl backup_to_purple Replication active
[07:42:22] Idle check: zrepl backup_to_purple Replication active
[07:42:53] Idle check: zrepl backup_to_purple Replication active
[07:43:24] Idle check: zrepl backup_to_purple Replication active
[07:43:55] Idle check: zrepl backup_to_purple Replication active
[07:44:26] Idle check: zrepl backup_to_purple Replication active
[07:44:56] Idle check: zrepl backup_to_purple Replication active
[07:45:27] Idle check: zrepl backup_to_purple Replication active
[07:45:58] Idle check: zrepl backup_to_purple Replication active
[07:46:29] Idle check: zrepl backup_to_purple Replication active
[07:47:00] Idle check: zrepl backup_to_purple Replication active
[07:47:30] Idle check: zrepl backup_to_purple Replication active
[07:48:01] Idle check: zrepl backup_to_purple Replication active
[07:48:32] Idle check: zrepl backup_to_purple Replication active
[07:49:03] Idle check: zrepl backup_to_purple Replication active
[07:49:34] Idle check: zrepl backup_to_purple Replication active
[07:50:04] Idle check: zrepl backup_to_purple Replication active
[07:50:35] Idle check: zrepl backup_to_purple Replication active
[07:51:06] Idle check: zrepl backup_to_purple Replication active
[07:51:37] Idle check: zrepl backup_to_purple Replication active
[07:52:08] Idle check: zrepl backup_to_purple Replication active
[07:52:38] Idle check: zrepl backup_to_purple Replication active
[07:53:09] Idle check: zrepl backup_to_purple Replication active
[07:53:40] Idle check: zrepl backup_to_purple Replication active
[07:54:11] Idle check: zrepl backup_to_purple Replication active
[07:54:42] Idle check: zrepl backup_to_purple Replication active
[07:55:12] Idle check: zrepl backup_to_purple Replication active
[07:55:43] Idle check: zrepl backup_to_purple Replication active
[07:56:14] Idle check: zrepl backup_to_purple Replication active
[07:56:45] Idle check: zrepl backup_to_purple Replication active
[07:57:16] Idle check: zrepl backup_to_purple Replication active
[07:57:46] Idle check: zrepl backup_to_purple Replication active
[07:58:17] Idle check: zrepl backup_to_purple Replication active
[07:58:48] Idle check: zrepl backup_to_purple Replication active
[07:59:18] Idle check: load=1.00 (need < 1.0)
[07:59:49] Idle check: zrepl backup_to_purple Replication active
[08:00:20] Idle check: zrepl backup_to_purple Replication active
[08:00:51] Idle check: zrepl backup_to_purple Replication active
[08:01:22] Idle check: zrepl backup_to_purple Replication active
[08:01:52] Idle check: zrepl backup_to_purple Replication active
[08:02:23] Idle check: zrepl backup_to_purple Replication active
[08:02:54] Idle check: zrepl backup_to_purple Replication active
[08:03:25] Idle check: zrepl backup_to_purple Replication active
[08:03:56] Idle check: zrepl backup_to_purple Replication active
[08:04:27] Idle check: zrepl backup_to_purple Replication active
[08:04:57] Idle check: zrepl backup_to_purple Replication active
[08:05:28] Idle check: zrepl backup_to_purple Replication active
[08:05:59] Idle check: zrepl backup_to_purple Replication active
[08:06:30] Idle check: zrepl backup_to_purple Replication active
[08:07:01] Idle check: zrepl backup_to_purple Replication active
[08:07:31] Idle check: zrepl backup_to_purple Replication active
[08:08:02] Idle check: zrepl backup_to_purple Replication active
[08:08:33] Idle check: zrepl backup_to_purple Replication active
[08:09:04] Idle check: zrepl backup_to_purple Replication active
[08:09:35] Idle check: zrepl backup_to_purple Replication active
[08:10:05] Idle check: zrepl backup_to_purple Replication active
[08:10:36] Idle check: zrepl backup_to_purple Replication active
[08:11:07] Idle check: zrepl backup_to_purple Replication active
[08:11:38] Idle check: zrepl backup_to_purple Replication active
[08:12:09] Idle check: zrepl backup_to_purple Replication active
[08:12:39] Idle check: zrepl backup_to_purple Replication active
[08:13:10] Idle check: zrepl backup_to_purple Replication active
[08:13:41] Idle check: zrepl backup_to_purple Replication active
[08:14:12] Idle check: zrepl backup_to_purple Replication active
[08:14:43] Idle check: zrepl backup_to_purple Replication active
[08:15:13] Idle check: zrepl backup_to_purple Replication active
[08:15:44] Idle check: zrepl backup_to_purple Replication active
[08:16:15] Idle check: zrepl backup_to_purple Replication active
[08:16:46] Idle check: zrepl backup_to_purple Replication active
[08:17:17] Idle check: zrepl backup_to_purple Replication active
[08:17:48] Idle check: zrepl backup_to_purple Replication active
[08:18:18] Idle check: zrepl backup_to_purple Replication active
[08:18:49] Idle check: zrepl backup_to_purple Replication active
[08:19:20] Idle check: zrepl backup_to_purple Replication active
[08:19:51] Idle check: zrepl backup_to_purple Replication active
[08:20:22] Idle check: zrepl backup_to_purple Replication active
[08:20:52] Idle check: zrepl backup_to_purple Replication active
[08:21:23] Idle check: zrepl backup_to_purple Replication active
[08:21:54] Idle check: zrepl backup_to_purple Replication active
[08:22:25] Idle check: zrepl backup_to_purple Replication active
[08:22:56] Idle check: zrepl backup_to_purple Replication active
[08:23:26] Idle check: zrepl backup_to_purple Replication active
[08:23:57] Idle check: zrepl backup_to_purple Replication active
[08:24:28] Idle check: zrepl backup_to_purple Replication active
[08:24:59] Idle check: zrepl backup_to_purple Replication active
[08:25:30] Idle check: zrepl backup_to_purple Replication active
[08:26:00] Idle check: zrepl backup_to_purple Replication active
[08:26:31] Idle check: zrepl backup_to_purple Replication active
[08:27:02] Idle check: zrepl backup_to_purple Replication active
[08:27:33] Idle check: zrepl backup_to_purple Replication active
[08:28:04] Idle check: zrepl backup_to_purple Replication active
[08:28:34] Idle check: zrepl backup_to_purple Replication active
[08:29:05] Idle check: zrepl backup_to_purple Replication active
[08:29:36] Idle check: zrepl backup_to_purple Replication active
[08:30:07] Idle check: zrepl backup_to_purple Replication active
[08:30:38] Idle check: zrepl backup_to_purple Replication active
[08:31:08] Idle check: zrepl backup_to_purple Replication active
[08:31:39] Idle check: zrepl backup_to_purple Replication active
[08:32:10] Idle check: zrepl backup_to_purple Replication active
[08:32:41] Idle check: zrepl backup_to_purple Replication active
[08:33:12] Idle check: zrepl backup_to_purple Replication active
[08:33:42] Idle check: zrepl backup_to_purple Replication active
[08:34:13] Idle check: zrepl backup_to_purple Replication active
[08:34:44] Idle check: zrepl backup_to_purple Replication active
[08:35:15] Idle check: zrepl backup_to_purple Replication active
[08:35:46] Idle check: zrepl backup_to_purple Replication active
[08:36:16] Idle check: zrepl backup_to_purple Replication active
[08:36:47] Idle check: zrepl backup_to_purple Replication active
[08:37:18] Idle check: zrepl backup_to_purple Replication active
[08:37:49] Idle check: zrepl backup_to_purple Replication active
[08:38:20] Idle check: zrepl backup_to_purple Replication active
[08:38:50] Idle check: zrepl backup_to_purple Replication active
[08:39:21] Idle check: zrepl backup_to_purple Replication active
[08:39:52] Idle check: zrepl backup_to_purple Replication active
[08:40:23] Idle check: zrepl backup_to_purple Replication active
[08:40:54] Idle check: zrepl backup_to_purple Replication active
[08:41:24] Idle check: zrepl backup_to_purple Replication active
[08:41:55] Idle check: zrepl backup_to_purple Replication active
[08:42:26] Idle check: zrepl backup_to_purple Replication active
[08:42:57] Idle check: zrepl backup_to_purple Replication active
[08:43:28] Idle check: zrepl backup_to_purple Replication active
[08:43:58] Idle check: zrepl backup_to_purple Replication active
[08:44:29] Idle check: zrepl backup_to_purple Replication active
[08:45:00] Idle check: zrepl backup_to_purple Replication active
[08:45:31] Idle check: zrepl backup_to_purple Replication active
[08:46:02] Idle check: zrepl backup_to_purple Replication active
[08:46:32] Idle check: zrepl backup_to_purple Replication active
[08:47:03] Idle check: zrepl backup_to_purple Replication active
[08:47:34] Idle check: zrepl backup_to_purple Replication active
[08:48:05] Idle check: zrepl backup_to_purple Replication active
[08:48:36] Idle check: zrepl backup_to_purple Replication active
[08:49:07] Idle check: zrepl backup_to_purple Replication active
[08:49:37] Idle check: zrepl backup_to_purple Replication active
[08:50:08] Idle check: zrepl backup_to_purple Replication active
[08:50:39] Idle check: zrepl backup_to_purple Replication active
[08:51:10] Idle check: zrepl backup_to_purple Replication active
[08:51:41] Idle check: zrepl backup_to_purple Replication active
[08:52:11] Idle check: zrepl backup_to_purple Replication active
[08:52:42] Idle check: zrepl backup_to_purple Replication active
[08:53:13] Idle check: zrepl backup_to_purple Replication active
[08:53:44] Idle check: zrepl backup_to_purple Replication active
[08:54:15] Idle check: zrepl backup_to_purple Replication active
[08:54:45] Idle check: zrepl backup_to_purple Replication active
[08:55:16] Idle check: zrepl backup_to_purple Replication active
[08:55:47] Idle check: zrepl backup_to_purple Replication active
[08:56:18] Idle check: zrepl backup_to_purple Replication active
[08:56:49] Idle check: zrepl backup_to_purple Replication active
[08:57:19] Idle check: zrepl backup_to_purple Replication active
[08:57:50] Idle check: zrepl backup_to_purple Replication active
[08:58:21] Idle check: zrepl backup_to_purple Replication active
[08:58:52] Idle check: zrepl backup_to_purple Replication active
[08:59:23] Idle check: zrepl backup_to_purple Replication active
[08:59:53] Idle check: zrepl backup_to_purple Replication active
[09:00:24] Idle check: zrepl backup_to_purple Replication active
[09:00:55] Idle check: zrepl backup_to_purple Replication active
[09:01:26] Idle check: zrepl backup_to_purple Replication active
[09:01:57] Idle check: zrepl backup_to_purple Replication active
[09:02:27] Idle check: zrepl backup_to_purple Replication active
[09:02:58] Idle check: zrepl backup_to_purple Replication active
[09:03:29] Idle check: zrepl backup_to_purple Replication active
[09:04:00] Idle check: zrepl backup_to_purple Replication active
[09:04:31] Idle check: zrepl backup_to_purple Replication active
[09:05:02] Idle check: zrepl backup_to_purple Replication active
[09:05:32] Idle check: zrepl backup_to_purple Replication active
[09:06:03] Idle check: zrepl backup_to_purple Replication active
[09:06:34] Idle check: zrepl backup_to_purple Replication active
[09:07:05] Idle check: zrepl backup_to_purple Replication active
[09:07:36] Idle check: zrepl backup_to_purple Replication active
[09:08:06] Idle check: zrepl backup_to_purple Replication active
[09:08:37] Idle check: zrepl backup_to_purple Replication active
[09:09:08] Idle check: zrepl backup_to_purple Replication active
[09:09:39] Idle check: zrepl backup_to_purple Replication active
[09:10:10] Idle check: zrepl backup_to_purple Replication active
[09:10:40] Idle check: zrepl backup_to_purple Replication active
[09:11:11] Idle check: zrepl backup_to_purple Replication active
[09:11:42] Idle check: zrepl backup_to_purple Replication active
[09:12:13] Idle check: zrepl backup_to_purple Replication active
[09:12:44] Idle check: zrepl backup_to_purple Replication active
[09:13:14] Idle check: zrepl backup_to_purple Replication active
[09:13:45] Idle check: zrepl backup_to_purple Replication active
[09:14:16] Idle check: zrepl backup_to_purple Replication active
[09:14:47] Idle check: zrepl backup_to_purple Replication active
[09:15:18] Idle check: zrepl backup_to_purple Replication active
[09:15:48] Idle check: zrepl backup_to_purple Replication active
[09:16:19] Idle check: zrepl backup_to_purple Replication active
[09:16:50] Idle check: zrepl backup_to_purple Replication active
[09:17:21] Idle check: zrepl backup_to_purple Replication active
[09:17:52] Idle check: zrepl backup_to_purple Replication active
[09:18:22] Idle check: zrepl backup_to_purple Replication active
[09:18:53] Idle check: zrepl backup_to_purple Replication active
[09:19:24] Idle check: zrepl backup_to_purple Replication active
[09:19:55] Idle check: zrepl backup_to_purple Replication active
[09:20:26] Idle check: zrepl backup_to_purple Replication active
[09:20:57] Idle check: zrepl backup_to_purple Replication active
[09:21:27] Idle check: zrepl backup_to_purple Replication active
[09:21:58] Idle check: zrepl backup_to_purple Replication active
[09:22:29] Idle check: zrepl backup_to_purple Replication active
[09:23:00] Idle check: zrepl backup_to_purple Replication active
[09:23:31] Idle check: zrepl backup_to_purple Replication active
[09:24:01] Idle check: zrepl backup_to_purple Replication active
[09:24:32] Idle check: zrepl backup_to_purple Replication active
[09:25:03] Idle check: zrepl backup_to_purple Replication active
[09:25:34] Idle check: zrepl backup_to_purple Replication active
[09:26:05] Idle check: zrepl backup_to_purple Replication active
[09:26:35] Idle check: zrepl backup_to_purple Replication active
[09:27:06] Idle check: zrepl backup_to_purple Replication active
[09:27:37] Idle check: zrepl backup_to_purple Replication active
[09:28:08] Idle check: zrepl backup_to_purple Replication active
[09:28:39] Idle check: zrepl backup_to_purple Replication active
[09:29:10] Idle check: zrepl backup_to_purple Replication active
[09:29:40] Idle check: zrepl backup_to_purple Replication active
[09:30:11] Idle check: zrepl backup_to_purple Replication active
[09:30:42] Idle check: zrepl backup_to_purple Replication active
[09:31:13] Idle check: zrepl backup_to_purple Replication active
[09:31:44] Idle check: zrepl backup_to_purple Replication active
[09:32:14] Idle check: zrepl backup_to_purple Replication active
[09:32:45] Idle check: zrepl backup_to_purple Replication active
[09:33:16] Idle check: zrepl backup_to_purple Replication active
[09:33:47] Idle check: zrepl backup_to_purple Replication active
[09:34:18] Idle check: zrepl backup_to_purple Replication active
[09:34:48] Idle check: zrepl backup_to_purple Replication active
[09:35:19] Idle check: zrepl backup_to_purple Replication active
[09:35:50] Idle check: zrepl backup_to_purple Replication active
[09:36:21] Idle check: zrepl backup_to_purple Replication active
[09:36:52] Idle check: zrepl backup_to_purple Replication active
[09:37:22] Idle check: zrepl backup_to_purple Replication active
[09:37:53] Idle check: zrepl backup_to_purple Replication active
[09:38:24] Idle check: zrepl backup_to_purple Replication active
[09:38:55] Idle check: zrepl backup_to_purple Replication active
[09:39:26] Idle check: zrepl backup_to_purple Replication active
[09:39:56] Idle check: zrepl backup_to_purple Replication active
[09:40:27] Idle check: zrepl backup_to_purple Replication active
[09:40:58] Idle check: zrepl backup_to_purple Replication active
[09:41:29] Idle check: zrepl backup_to_purple Replication active
[09:42:00] Idle check: zrepl backup_to_purple Replication active
[09:42:31] Idle check: zrepl backup_to_purple Replication active
[09:43:01] Idle check: zrepl backup_to_purple Replication active
[09:43:32] Idle check: zrepl backup_to_purple Replication active
[09:44:03] Idle check: zrepl backup_to_purple Replication active
[09:44:34] Idle check: zrepl backup_to_purple Replication active
[09:45:05] Idle check: zrepl backup_to_purple Replication active
[09:45:35] Idle check: zrepl backup_to_purple Replication active
[09:46:06] Idle check: zrepl backup_to_purple Replication active
[09:46:37] Idle check: zrepl backup_to_purple Replication active
[09:47:08] Idle check: zrepl backup_to_purple Replication active
[09:47:39] Idle check: zrepl backup_to_purple Replication active
[09:48:09] Idle check: zrepl backup_to_purple Replication active
[09:48:40] Idle check: zrepl backup_to_purple Replication active
[09:49:11] Idle check: zrepl backup_to_purple Replication active
[09:49:42] Idle check: zrepl backup_to_purple Replication active
[09:50:13] Idle check: zrepl backup_to_purple Replication active
[09:50:43] Idle check: zrepl backup_to_purple Replication active
[09:51:14] Idle check: zrepl backup_to_purple Replication active
[09:51:45] Idle check: zrepl backup_to_purple Replication active
[09:52:16] Idle check: zrepl backup_to_purple Replication active
[09:52:47] Idle check: zrepl backup_to_purple Replication active
[09:53:18] Idle check: zrepl backup_to_purple Replication active
[09:53:48] Idle check: zrepl backup_to_purple Replication active
[09:54:19] Idle check: zrepl backup_to_purple Replication active
[09:54:50] Idle check: zrepl backup_to_purple Replication active
[09:55:21] Idle check: zrepl backup_to_purple Replication active
[09:55:52] Idle check: zrepl backup_to_purple Replication active
[09:56:22] Idle check: zrepl backup_to_purple Replication active
[09:56:53] Idle check: zrepl backup_to_purple Replication active
[09:57:24] Idle check: zrepl backup_to_purple Replication active
[09:57:55] Idle check: zrepl backup_to_purple Replication active
[09:58:26] Idle check: zrepl backup_to_purple Replication active
[09:58:56] Idle check: zrepl backup_to_purple Replication active
[09:59:27] Idle check: zrepl backup_to_purple Replication active
[09:59:58] Idle check: zrepl backup_to_purple Replication active
[10:00:29] Idle check: zrepl backup_to_purple Replication active
[10:01:00] Idle check: zrepl backup_to_purple Replication active
[10:01:30] Idle check: zrepl backup_to_purple Replication active
[10:02:01] Idle check: zrepl backup_to_purple Replication active
[10:02:32] Idle check: zrepl backup_to_purple Replication active
[10:03:03] Idle check: zrepl backup_to_purple Replication active
[10:03:34] Idle check: zrepl backup_to_purple Replication active
[10:04:05] Idle check: zrepl backup_to_purple Replication active
[10:04:35] Idle check: zrepl backup_to_purple Replication active
[10:05:06] Idle check: zrepl backup_to_purple Replication active
[10:05:37] Idle check: zrepl backup_to_purple Replication active
[10:06:08] Idle check: zrepl backup_to_purple Replication active
[10:06:39] Idle check: zrepl backup_to_purple Replication active
[10:07:09] Idle check: zrepl backup_to_purple Replication active
[10:07:40] Idle check: zrepl backup_to_purple Replication active
[10:08:11] Idle check: zrepl backup_to_purple Replication active
[10:08:42] Idle check: zrepl backup_to_purple Replication active
[10:09:13] Idle check: zrepl backup_to_purple Replication active
[10:09:43] Idle check: zrepl backup_to_purple Replication active
[10:10:14] Idle check: zrepl backup_to_purple Replication active
[10:10:45] Idle check: zrepl backup_to_purple Replication active
[10:11:16] Idle check: zrepl backup_to_purple Replication active
[10:11:47] Idle check: zrepl backup_to_purple Replication active
[10:12:18] Idle check: zrepl backup_to_purple Replication active
[10:12:48] Idle check: zrepl backup_to_purple Replication active
[10:13:19] Idle check: zrepl backup_to_purple Replication active
[10:13:50] Idle check: zrepl backup_to_purple Replication active
[10:14:21] Idle check: zrepl backup_to_purple Replication active
[10:14:52] Idle check: zrepl backup_to_purple Replication active
[10:15:22] Idle check: zrepl backup_to_purple Replication active
[10:15:53] Idle check: zrepl backup_to_purple Replication active
[10:16:24] Idle check: zrepl backup_to_purple Replication active
[10:16:55] Idle check: zrepl backup_to_purple Replication active
[10:17:26] Idle check: zrepl backup_to_purple Replication active
[10:17:56] Idle check: zrepl backup_to_purple Replication active
[10:18:27] Idle check: zrepl backup_to_purple Replication active
[10:18:58] Idle check: zrepl backup_to_purple Replication active
[10:19:29] Idle check: zrepl backup_to_purple Replication active
[10:20:00] Idle check: zrepl backup_to_purple Replication active
[10:20:30] Idle check: zrepl backup_to_purple Replication active
[10:21:01] Idle check: zrepl backup_to_purple Replication active
[10:21:32] Idle check: zrepl backup_to_purple Replication active
[10:22:03] Idle check: zrepl backup_to_purple Replication active
[10:22:34] Idle check: zrepl backup_to_purple Replication active
[10:23:04] Idle check: zrepl backup_to_purple Replication active
[10:23:35] Idle check: zrepl backup_to_purple Replication active
[10:24:06] Idle check: zrepl backup_to_purple Replication active
[10:24:37] Idle check: zrepl backup_to_purple Replication active
[10:25:08] Idle check: zrepl backup_to_purple Replication active
[10:25:39] Idle check: zrepl backup_to_purple Replication active
[10:26:09] Idle check: zrepl backup_to_purple Replication active
[10:26:40] Idle check: zrepl backup_to_purple Replication active
[10:27:11] Idle check: zrepl backup_to_purple Replication active
[10:27:42] Idle check: zrepl backup_to_purple Replication active
[10:28:13] Idle check: zrepl backup_to_purple Replication active
[10:28:43] Idle check: zrepl backup_to_purple Replication active
[10:29:14] Idle check: zrepl backup_to_purple Replication active
[10:29:45] Idle check: zrepl backup_to_purple Replication active
[10:30:16] Idle check: zrepl backup_to_purple Replication active
[10:30:47] Idle check: zrepl backup_to_purple Replication active
[10:31:17] Idle check: zrepl backup_to_purple Replication active
[10:31:48] Idle check: zrepl backup_to_purple Replication active
[10:32:19] Idle check: zrepl backup_to_purple Replication active
[10:32:50] Idle check: zrepl backup_to_purple Replication active
[10:33:21] Idle check: zrepl backup_to_purple Replication active
[10:33:52] Idle check: zrepl backup_to_purple Replication active
[10:34:22] Idle check: zrepl backup_to_purple Replication active
[10:34:53] Idle check: zrepl backup_to_purple Replication active
[10:35:24] Idle check: zrepl backup_to_purple Replication active
[10:35:55] Idle check: zrepl backup_to_purple Replication active
[10:36:26] Idle check: zrepl backup_to_purple Replication active
[10:36:56] Idle check: zrepl backup_to_purple Replication active
[10:37:27] Idle check: zrepl backup_to_purple Replication active
[10:37:58] Idle check: zrepl backup_to_purple Replication active
[10:38:29] Idle check: zrepl backup_to_purple Replication active
[10:39:00] Idle check: zrepl backup_to_purple Replication active
[10:39:30] Idle check: zrepl backup_to_purple Replication active
[10:40:01] Idle check: zrepl backup_to_purple Replication active
[10:40:32] Idle check: zrepl backup_to_purple Replication active
[10:41:03] Idle check: zrepl backup_to_purple Replication active
[10:41:34] Idle check: zrepl backup_to_purple Replication active
[10:42:04] Idle check: zrepl backup_to_purple Replication active
[10:42:35] Idle check: zrepl backup_to_purple Replication active
[10:43:06] Idle check: zrepl backup_to_purple Replication active
[10:43:37] Idle check: zrepl backup_to_purple Replication active
[10:44:08] Idle check: zrepl backup_to_purple Replication active
[10:44:39] Idle check: zrepl backup_to_purple Replication active
[10:45:09] Idle check: zrepl backup_to_purple Replication active
[10:45:40] Idle check: zrepl backup_to_purple Replication active
[10:46:11] Idle check: zrepl backup_to_purple Replication active
[10:46:42] Idle check: zrepl backup_to_purple Replication active
[10:47:13] Idle check: zrepl backup_to_purple Replication active
[10:47:43] Idle check: zrepl backup_to_purple Replication active
[10:48:14] Idle check: zrepl backup_to_purple Replication active
[10:48:45] Idle check: zrepl backup_to_purple Replication active
[10:49:16] Idle check: zrepl backup_to_purple Replication active
[10:49:47] Idle check: zrepl backup_to_purple Replication active
[10:50:17] Idle check: zrepl backup_to_purple Replication active
[10:50:48] Idle check: zrepl backup_to_purple Replication active
[10:51:19] Idle check: zrepl backup_to_purple Replication active
[10:51:50] Idle check: zrepl backup_to_purple Replication active
[10:52:21] Idle check: zrepl backup_to_purple Replication active
[10:52:51] Idle check: zrepl backup_to_purple Replication active
[10:53:22] Idle check: zrepl backup_to_purple Replication active
[10:53:53] Idle check: zrepl backup_to_purple Replication active
[10:54:24] Idle check: zrepl backup_to_purple Replication active
[10:54:55] Idle check: zrepl backup_to_purple Replication active
[10:55:25] Idle check: zrepl backup_to_purple Replication active
[10:55:56] Idle check: zrepl backup_to_purple Replication active
[10:56:27] Idle check: zrepl backup_to_purple Replication active
[10:56:58] Idle check: zrepl backup_to_purple Replication active
[10:57:29] Idle check: zrepl backup_to_purple Replication active
[10:57:59] Idle check: zrepl backup_to_purple Replication active
[10:58:30] Idle check: zrepl backup_to_purple Replication active
[10:59:01] Idle check: zrepl backup_to_purple Replication active
[10:59:32] Idle check: zrepl backup_to_purple Replication active
[11:00:03] Idle check: zrepl backup_to_purple Replication active
[11:00:33] Idle check: zrepl backup_to_purple Replication active
[11:01:04] Idle check: zrepl backup_to_purple Replication active
[11:01:35] Idle check: zrepl backup_to_purple Replication active
[11:02:06] Idle check: zrepl backup_to_purple Replication active
[11:02:37] Idle check: zrepl backup_to_purple Replication active
[11:03:07] Idle check: zrepl backup_to_purple Replication active
[11:03:38] Idle check: zrepl backup_to_purple Replication active
[11:04:09] Idle check: zrepl backup_to_purple Replication active
[11:04:40] Idle check: zrepl backup_to_purple Replication active
[11:05:11] Idle check: zrepl backup_to_purple Replication active
[11:05:41] Idle check: zrepl backup_to_purple Replication active
[11:06:12] Idle check: zrepl backup_to_purple Replication active
[11:06:43] Idle check: zrepl backup_to_purple Replication active
[11:07:14] Idle check: zrepl backup_to_purple Replication active
[11:07:45] Idle check: zrepl backup_to_purple Replication active
[11:08:16] Idle check: zrepl backup_to_purple Replication active
[11:08:46] Idle check: zrepl backup_to_purple Replication active
[11:09:17] Idle check: zrepl backup_to_purple Replication active
[11:09:48] Idle check: zrepl backup_to_purple Replication active
[11:10:19] Idle check: zrepl backup_to_purple Replication active
[11:10:50] Idle check: zrepl backup_to_purple Replication active
[11:11:20] Idle check: zrepl backup_to_purple Replication active
[11:11:51] Idle check: zrepl backup_to_purple Replication active
[11:12:22] Idle check: zrepl backup_to_purple Replication active
[11:12:53] Idle check: zrepl backup_to_purple Replication active
[11:13:24] Idle check: zrepl backup_to_purple Replication active
[11:13:54] Idle check: zrepl backup_to_purple Replication active
[11:14:25] Idle check: zrepl backup_to_purple Replication active
[11:14:56] Idle check: zrepl backup_to_purple Replication active
[11:15:27] Idle check: zrepl backup_to_purple Replication active
[11:15:58] Idle check: zrepl backup_to_purple Replication active
[11:16:29] Idle check: zrepl backup_to_purple Replication active
[11:16:59] Idle check: zrepl backup_to_purple Replication active
[11:17:30] Idle check: zrepl backup_to_purple Replication active
[11:18:01] Idle check: zrepl backup_to_purple Replication active
[11:18:32] Idle check: zrepl backup_to_purple Replication active
[11:19:03] Idle check: zrepl backup_to_purple Replication active
[11:19:33] Idle check: zrepl backup_to_purple Replication active
[11:20:04] Idle check: zrepl backup_to_purple Replication active
[11:20:35] Idle check: zrepl backup_to_purple Replication active
[11:21:06] Idle check: zrepl backup_to_purple Replication active
[11:21:37] Idle check: zrepl backup_to_purple Replication active
[11:22:07] Idle check: zrepl backup_to_purple Replication active
[11:22:38] Idle check: zrepl backup_to_purple Replication active
[11:23:09] Idle check: zrepl backup_to_purple Replication active
[11:23:40] Idle check: zrepl backup_to_purple Replication active
[11:24:11] Idle check: zrepl backup_to_purple Replication active
[11:24:41] Idle check: zrepl backup_to_purple Replication active
[11:25:12] Idle check: zrepl backup_to_purple Replication active
[11:25:43] Idle check: zrepl backup_to_purple Replication active
[11:26:14] Idle check: zrepl backup_to_purple Replication active
[11:26:45] Idle check: zrepl backup_to_purple Replication active
[11:27:15] Idle check: zrepl backup_to_purple Replication active
[11:27:46] Idle check: zrepl backup_to_purple Replication active
[11:28:17] Idle check: zrepl backup_to_purple Replication active
[11:28:48] Idle check: zrepl backup_to_purple Replication active
[11:29:19] Idle check: zrepl backup_to_purple Replication active
[11:29:49] Idle check: zrepl backup_to_purple Replication active
[11:30:20] Idle check: zrepl backup_to_purple Replication active
[11:30:51] Idle check: zrepl backup_to_purple Replication active
[11:31:22] Idle check: zrepl backup_to_purple Replication active
[11:31:53] Idle check: zrepl backup_to_purple Replication active
[11:32:23] Idle check: zrepl backup_to_purple Replication active
[11:32:54] Idle check: zrepl backup_to_purple Replication active
[11:33:25] Idle check: zrepl backup_to_purple Replication active
[11:33:56] Idle check: zrepl backup_to_purple Replication active
[11:34:27] Idle check: zrepl backup_to_purple Replication active
[11:34:58] Idle check: zrepl backup_to_purple Replication active
[11:35:28] Idle check: zrepl backup_to_purple Replication active
[11:35:59] Idle check: zrepl backup_to_purple Replication active
[11:36:30] Idle check: zrepl backup_to_purple Replication active
[11:37:01] Idle check: zrepl backup_to_purple Replication active
[11:37:32] Idle check: zrepl backup_to_purple Replication active
[11:38:02] Idle check: zrepl backup_to_purple Replication active
[11:38:33] Idle check: zrepl backup_to_purple Replication active
[11:39:04] Idle check: zrepl backup_to_purple Replication active
[11:39:35] Idle check: zrepl backup_to_purple Replication active
[11:40:06] Idle check: zrepl backup_to_purple Replication active
[11:40:36] Idle check: zrepl backup_to_purple Replication active
[11:41:07] Idle check: zrepl backup_to_purple Replication active
[11:41:38] Idle check: zrepl backup_to_purple Replication active
[11:42:09] Idle check: zrepl backup_to_purple Replication active
[11:42:40] Idle check: zrepl backup_to_purple Replication active
[11:43:10] Idle check: zrepl backup_to_purple Replication active
[11:43:41] Idle check: zrepl backup_to_purple Replication active
[11:44:12] Idle check: zrepl backup_to_purple Replication active
[11:44:43] Idle check: zrepl backup_to_purple Replication active
[11:45:14] Idle check: zrepl backup_to_purple Replication active
[11:45:44] Idle check: zrepl backup_to_purple Replication active
[11:46:15] Idle check: zrepl backup_to_purple Replication active
[11:46:46] Idle check: zrepl backup_to_purple Replication active
[11:47:17] Idle check: zrepl backup_to_purple Replication active
[11:47:48] Idle check: zrepl backup_to_purple Replication active
[11:48:18] Idle check: zrepl backup_to_purple Replication active
[11:48:49] Idle check: zrepl backup_to_purple Replication active
[11:49:20] Idle check: zrepl backup_to_purple Replication active
[11:49:51] Idle check: zrepl backup_to_purple Replication active
[11:50:22] Idle check: zrepl backup_to_purple Replication active
[11:50:52] Idle check: zrepl backup_to_purple Replication active
[11:51:23] Idle check: zrepl backup_to_purple Replication active
[11:51:54] Idle check: zrepl backup_to_purple Replication active
[11:52:25] Idle check: zrepl backup_to_purple Replication active
[11:52:56] Idle check: zrepl backup_to_purple Replication active
[11:53:27] Idle check: zrepl backup_to_purple Replication active
[11:53:57] Idle check: zrepl backup_to_purple Replication active
[11:54:28] Idle check: zrepl backup_to_purple Replication active
[11:54:59] Idle check: zrepl backup_to_purple Replication active
[11:55:30] Idle check: zrepl backup_to_purple Replication active
[11:56:01] Idle check: zrepl backup_to_purple Replication active
[11:56:31] Idle check: zrepl backup_to_purple Replication active
[11:57:02] Idle check: zrepl backup_to_purple Replication active
[11:57:33] Idle check: zrepl backup_to_purple Replication active
[11:58:04] Idle check: zrepl backup_to_purple Replication active
[11:58:35] Idle check: zrepl backup_to_purple Replication active
[11:59:05] Idle check: zrepl backup_to_purple Replication active
[11:59:36] Idle check: zrepl backup_to_purple Replication active
[12:00:07] Idle check: zrepl backup_to_purple Replication active
[12:00:38] Idle check: zrepl backup_to_purple Replication active
[12:01:09] Idle check: zrepl backup_to_purple Replication active
[12:01:39] Idle check: zrepl backup_to_purple Replication active
[12:02:10] Idle check: zrepl backup_to_purple Replication active
[12:02:41] Idle check: zrepl backup_to_purple Replication active
[12:03:12] Idle check: zrepl backup_to_purple Replication active
[12:03:43] Idle check: zrepl backup_to_purple Replication active
[12:04:14] Idle check: zrepl backup_to_purple Replication active
[12:04:44] Idle check: zrepl backup_to_purple Replication active
[12:05:15] Idle check: zrepl backup_to_purple Replication active
[12:05:46] Idle check: zrepl backup_to_purple Replication active
[12:06:17] Idle check: zrepl backup_to_purple Replication active
[12:06:48] Idle check: zrepl backup_to_purple Replication active
[12:07:18] Idle check: zrepl backup_to_purple Replication active
[12:07:49] Idle check: zrepl backup_to_purple Replication active
[12:08:20] Idle check: zrepl backup_to_purple Replication active
[12:08:51] Idle check: zrepl backup_to_purple Replication active
[12:09:21] Idle check: zrepl backup_to_purple Replication active
[12:09:52] Idle check: zrepl backup_to_purple Replication active
[12:10:23] Idle check: zrepl backup_to_purple Replication active
[12:10:54] Idle check: zrepl backup_to_purple Replication active
[12:11:25] Idle check: zrepl backup_to_purple Replication active
[12:11:56] Idle check: zrepl backup_to_purple Replication active
[12:12:26] Idle check: zrepl backup_to_purple Replication active
[12:12:57] Idle check: zrepl backup_to_purple Replication active
[12:13:28] Idle check: zrepl backup_to_purple Replication active
[12:13:59] Idle check: zrepl backup_to_purple Replication active
[12:14:30] Idle check: zrepl backup_to_purple Replication active
[12:15:00] Idle check: zrepl backup_to_purple Replication active
[12:15:31] Idle check: zrepl backup_to_purple Replication active
[12:16:02] Idle check: zrepl backup_to_purple Replication active
[12:16:33] Idle check: zrepl backup_to_purple Replication active
[12:17:04] Idle check: zrepl backup_to_purple Replication active
[12:17:34] Idle check: zrepl backup_to_purple Replication active
[12:18:05] Idle check: zrepl backup_to_purple Replication active
[12:18:36] Idle check: zrepl backup_to_purple Replication active
[12:19:07] Idle check: zrepl backup_to_purple Replication active
[12:19:38] Idle check: zrepl backup_to_purple Replication active
[12:20:08] Idle check: zrepl backup_to_purple Replication active
[12:20:39] Idle check: zrepl backup_to_purple Replication active
[12:21:10] Idle check: zrepl backup_to_purple Replication active
[12:21:41] Idle check: zrepl backup_to_purple Replication active
[12:22:12] Idle check: zrepl backup_to_purple Replication active
[12:22:42] Idle check: zrepl backup_to_purple Replication active
[12:23:13] Idle check: zrepl backup_to_purple Replication active
[12:23:44] Idle check: zrepl backup_to_purple Replication active
[12:24:15] Idle check: zrepl backup_to_purple Replication active
[12:24:46] Idle check: zrepl backup_to_purple Replication active
[12:25:16] Idle check: zrepl backup_to_purple Replication active
[12:25:47] Idle check: zrepl backup_to_purple Replication active
[12:26:18] Idle check: zrepl backup_to_purple Replication active
[12:26:49] Idle check: zrepl backup_to_purple Replication active
[12:27:20] Idle check: zrepl backup_to_purple Replication active
[12:27:50] Idle check: zrepl backup_to_purple Replication active
[12:28:21] Idle check: zrepl backup_to_purple Replication active
[12:28:52] Idle check: zrepl backup_to_purple Replication active
[12:29:23] Idle check: zrepl backup_to_purple Replication active
[12:29:54] Idle check: zrepl backup_to_purple Replication active
[12:30:24] Idle check: zrepl backup_to_purple Replication active
[12:30:55] Idle check: zrepl backup_to_purple Replication active
[12:31:26] Idle check: zrepl backup_to_purple Replication active
[12:31:57] Idle check: zrepl backup_to_purple Replication active
[12:32:28] Idle check: zrepl backup_to_purple Replication active
[12:32:59] Idle check: zrepl backup_to_purple Replication active
[12:33:29] Idle check: zrepl backup_to_purple Replication active
[12:34:00] Idle check: zrepl backup_to_purple Replication active
[12:34:31] Idle check: zrepl backup_to_purple Replication active
[12:35:02] Idle check: zrepl backup_to_purple Replication active
[12:35:33] Idle check: zrepl backup_to_purple Replication active
[12:36:03] Idle check: zrepl backup_to_purple Replication active
[12:36:34] Idle check: zrepl backup_to_purple Replication active
[12:37:05] Idle check: zrepl backup_to_purple Replication active
[12:37:36] Idle check: zrepl backup_to_purple Replication active
[12:38:07] Idle check: zrepl backup_to_purple Replication active
[12:38:37] Idle check: zrepl backup_to_purple Replication active
[12:39:08] Idle check: zrepl backup_to_purple Replication active
[12:39:39] Idle check: zrepl backup_to_purple Replication active
[12:40:10] Idle check: zrepl backup_to_purple Replication active
[12:40:41] Idle check: zrepl backup_to_purple Replication active
[12:41:12] Idle check: zrepl backup_to_purple Replication active
[12:41:42] Idle check: zrepl backup_to_purple Replication active
[12:42:13] Idle check: zrepl backup_to_purple Replication active
[12:42:44] Idle check: zrepl backup_to_purple Replication active
[12:43:15] Idle check: zrepl backup_to_purple Replication active
[12:43:46] Idle check: zrepl backup_to_purple Replication active
[12:44:16] Idle check: zrepl backup_to_purple Replication active
[12:44:47] Idle check: zrepl backup_to_purple Replication active
[12:45:18] Idle check: zrepl backup_to_purple Replication active
[12:45:49] Idle check: zrepl backup_to_purple Replication active
[12:46:20] Idle check: zrepl backup_to_purple Replication active
[12:46:50] Idle check: zrepl backup_to_purple Replication active
[12:47:21] Idle check: zrepl backup_to_purple Replication active
[12:47:52] Idle check: zrepl backup_to_purple Replication active
[12:48:23] Idle check: zrepl backup_to_purple Replication active
[12:48:54] Idle check: zrepl backup_to_purple Replication active
[12:49:24] Idle check: zrepl backup_to_purple Replication active
[12:49:55] Idle check: zrepl backup_to_purple Replication active
[12:50:26] Idle check: zrepl backup_to_purple Replication active
[12:50:57] Idle check: zrepl backup_to_purple Replication active
[12:51:28] Idle check: zrepl backup_to_purple Replication active
[12:51:59] Idle check: zrepl backup_to_purple Replication active
[12:52:29] Idle check: zrepl backup_to_purple Replication active
[12:53:00] Idle check: zrepl backup_to_purple Replication active
[12:53:31] Idle check: zrepl backup_to_purple Replication active
[12:54:02] Idle check: zrepl backup_to_purple Replication active
[12:54:33] Idle check: zrepl backup_to_purple Replication active
[12:55:03] Idle check: zrepl backup_to_purple Replication active
[12:55:34] Idle check: zrepl backup_to_purple Replication active
[12:56:05] Idle check: zrepl backup_to_purple Replication active
[12:56:36] Idle check: zrepl backup_to_purple Replication active
[12:57:07] Idle check: zrepl backup_to_purple Replication active
[12:57:37] Idle check: zrepl backup_to_purple Replication active
[12:58:08] Idle check: zrepl backup_to_purple Replication active
[12:58:39] Idle check: zrepl backup_to_purple Replication active
[12:59:10] Idle check: zrepl backup_to_purple Replication active
[12:59:41] Idle check: zrepl backup_to_purple Replication active
[13:00:11] Idle check: zrepl backup_to_purple Replication active
[13:00:42] Idle check: zrepl backup_to_purple Replication active
[13:01:13] Idle check: zrepl backup_to_purple Replication active
[13:01:44] Idle check: zrepl backup_to_purple Replication active
[13:02:15] Idle check: zrepl backup_to_purple Replication active
[13:02:45] Idle check: zrepl backup_to_purple Replication active
[13:03:16] Idle check: zrepl backup_to_purple Replication active
[13:03:47] Idle check: zrepl backup_to_purple Replication active
[13:04:18] Idle check: zrepl backup_to_purple Replication active
[13:04:49] Idle check: zrepl backup_to_purple Replication active
[13:05:19] Idle check: zrepl backup_to_purple Replication active
[13:05:50] Idle check: zrepl backup_to_purple Replication active
[13:06:21] Idle check: zrepl backup_to_purple Replication active
[13:06:52] Idle check: zrepl backup_to_purple Replication active
[13:07:23] Idle check: zrepl backup_to_purple Replication active
[13:07:53] Idle check: zrepl backup_to_purple Replication active
[13:08:24] Idle check: zrepl backup_to_purple Replication active
[13:08:55] Idle check: zrepl backup_to_purple Replication active
[13:09:26] Idle check: zrepl backup_to_purple Replication active
[13:09:57] Idle check: zrepl backup_to_purple Replication active
[13:10:27] Idle check: zrepl backup_to_purple Replication active
[13:10:58] Idle check: zrepl backup_to_purple Replication active
[13:11:29] Idle check: zrepl backup_to_purple Replication active
[13:12:00] Idle check: zrepl backup_to_purple Replication active
[13:12:31] Idle check: zrepl backup_to_purple Replication active
[13:13:01] Idle check: zrepl backup_to_purple Replication active
[13:13:32] Idle check: zrepl backup_to_purple Replication active
[13:14:03] Idle check: zrepl backup_to_purple Replication active
[13:14:34] Idle check: zrepl backup_to_purple Replication active
[13:15:05] Idle check: zrepl backup_to_purple Replication active
[13:15:36] Idle check: zrepl backup_to_purple Replication active
[13:16:06] Idle check: zrepl backup_to_purple Replication active
[13:16:37] Idle check: zrepl backup_to_purple Replication active
[13:17:08] Idle check: load=1.22 (need < 1.0)
[13:17:38] Idle check: zrepl backup_to_purple Replication active
[13:18:09] Idle check: zrepl backup_to_purple Replication active
[13:18:40] Idle check: zrepl backup_to_purple Replication active
[13:19:11] Idle check: zrepl backup_to_purple Replication active
[13:19:41] Idle check: zrepl backup_to_purple Replication active
[13:20:12] Idle check: zrepl backup_to_purple Replication active
[13:20:43] Idle check: zrepl backup_to_purple Replication active
[13:21:14] Idle check: zrepl backup_to_purple Replication active
[13:21:45] Idle check: zrepl backup_to_purple Replication active
[13:22:16] Idle check: zrepl backup_to_purple Replication active
[13:22:46] Idle check: zrepl backup_to_purple Replication active
[13:23:17] Idle check: zrepl backup_to_purple Replication active
[13:23:48] Idle check: zrepl backup_to_purple Replication active
[13:24:19] Idle check: zrepl backup_to_purple Replication active
[13:24:50] Idle check: zrepl backup_to_purple Replication active
[13:25:20] Idle check: zrepl backup_to_purple Replication active
[13:25:51] Idle check: zrepl backup_to_purple Replication active
[13:26:22] Idle check: zrepl backup_to_purple Replication active
[13:26:53] Idle check: zrepl backup_to_purple Replication active
[13:27:23] Idle check: zrepl backup_to_purple Replication active
[13:27:54] Idle check: zrepl backup_to_purple Replication active
[13:28:25] Idle check: zrepl backup_to_purple Replication active
[13:28:56] Idle check: zrepl backup_to_purple Replication active
[13:29:27] Idle check: zrepl backup_to_purple Replication active
[13:29:58] Idle check: zrepl backup_to_purple Replication active
[13:30:28] Idle check: zrepl backup_to_purple Replication active
[13:30:59] Idle check: zrepl backup_to_purple Replication active
[13:31:30] Idle check: zrepl backup_to_purple Replication active
[13:32:01] Idle check: zrepl backup_to_purple Replication active
[13:32:32] Idle check: zrepl backup_to_purple Replication active
[13:33:02] Idle check: zrepl backup_to_purple Replication active
[13:33:33] Idle check: zrepl backup_to_purple Replication active
[13:34:04] Idle check: zrepl backup_to_purple Replication active
[13:34:35] Idle check: zrepl backup_to_purple Replication active
[13:35:06] Idle check: zrepl backup_to_purple Replication active
[13:35:36] Idle check: zrepl backup_to_purple Replication active
[13:36:07] Idle check: zrepl backup_to_purple Replication active
[13:36:38] Idle check: zrepl backup_to_purple Replication active
[13:37:09] Idle check: zrepl backup_to_purple Replication active
[13:37:40] Idle check: zrepl backup_to_purple Replication active
[13:38:10] Idle check: zrepl backup_to_purple Replication active
[13:38:41] Idle check: zrepl backup_to_purple Replication active
[13:39:12] Idle check: zrepl backup_to_purple Replication active
[13:39:43] Idle check: zrepl backup_to_purple Replication active
[13:40:14] Idle check: zrepl backup_to_purple Replication active
[13:40:45] Idle check: zrepl backup_to_purple Replication active
[13:41:15] Idle check: zrepl backup_to_purple Replication active
[13:41:46] Idle check: zrepl backup_to_purple Replication active
[13:42:17] Idle check: zrepl backup_to_purple Replication active
[13:42:48] Idle check: zrepl backup_to_purple Replication active
[13:43:19] Idle check: zrepl backup_to_purple Replication active
[13:43:49] Idle check: zrepl backup_to_purple Replication active
[13:44:20] Idle check: zrepl backup_to_purple Replication active
[13:44:51] Idle check: zrepl backup_to_purple Replication active
[13:45:22] Idle check: zrepl backup_to_purple Replication active
[13:45:53] Idle check: zrepl backup_to_purple Replication active
[13:46:24] Idle check: zrepl backup_to_purple Replication active
[13:46:54] Idle check: zrepl backup_to_purple Replication active
[13:47:25] Idle check: zrepl backup_to_purple Replication active
[13:47:56] Idle check: zrepl backup_to_purple Replication active
[13:48:27] Idle check: zrepl backup_to_purple Replication active
[13:48:58] Idle check: zrepl backup_to_purple Replication active
[13:49:28] Idle check: zrepl backup_to_purple Replication active
[13:49:59] Idle check: zrepl backup_to_purple Replication active
[13:50:30] Idle check: zrepl backup_to_purple Replication active
[13:51:01] Idle check: zrepl backup_to_purple Replication active
[13:51:32] Idle check: zrepl backup_to_purple Replication active
[13:52:02] Idle check: zrepl backup_to_purple Replication active
[13:52:33] Idle check: zrepl backup_to_purple Replication active
[13:53:04] Idle check: zrepl backup_to_purple Replication active
[13:53:35] Idle check: zrepl backup_to_purple Replication active
[13:54:06] Idle check: zrepl backup_to_purple Replication active
[13:54:36] Idle check: zrepl backup_to_purple Replication active
[13:55:07] Idle check: zrepl backup_to_purple Replication active
[13:55:38] Idle check: zrepl backup_to_purple Replication active
[13:56:09] Idle check: zrepl backup_to_purple Replication active
[13:56:40] Idle check: zrepl backup_to_purple Replication active
[13:57:10] Idle check: zrepl backup_to_purple Replication active
[13:57:41] Idle check: zrepl backup_to_purple Replication active
[13:58:12] Idle check: zrepl backup_to_purple Replication active
[13:58:43] Idle check: zrepl backup_to_purple Replication active
[13:59:13] Idle check: zrepl backup_to_purple Replication active
[13:59:44] Idle check: zrepl backup_to_purple Replication active
[14:00:15] Idle check: zrepl backup_to_purple Replication active
[14:00:46] Idle check: zrepl backup_to_purple Replication active
[14:01:17] Idle check: zrepl backup_to_purple Replication active
[14:01:47] Idle check: zrepl backup_to_purple Replication active
[14:02:18] Idle check: zrepl backup_to_purple Replication active
[14:02:49] Idle check: zrepl backup_to_purple Replication active
[14:03:20] Idle check: zrepl backup_to_purple Replication active
[14:03:50] Idle check: zrepl backup_to_purple Replication active
[14:04:21] Idle check: zrepl backup_to_purple Replication active
[14:04:52] Idle check: zrepl backup_to_purple Replication active
[14:05:23] Idle check: zrepl backup_to_purple Replication active
[14:05:54] Idle check: zrepl backup_to_purple Replication active
[14:06:24] Idle check: zrepl backup_to_purple Replication active
[14:06:55] Idle check: zrepl backup_to_purple Replication active
[14:07:26] Idle check: zrepl backup_to_purple Replication active
[14:07:57] Idle check: zrepl backup_to_purple Replication active
[14:08:27] Idle check: zrepl backup_to_purple Replication active
[14:08:58] Idle check: zrepl backup_to_purple Replication active
[14:09:29] Idle check: zrepl backup_to_purple Replication active
[14:10:00] Idle check: zrepl backup_to_purple Replication active
[14:10:31] Idle check: zrepl backup_to_purple Replication active
[14:11:01] Idle check: zrepl backup_to_purple Replication active
[14:11:32] Idle check: zrepl backup_to_purple Replication active
[14:12:03] Idle check: zrepl backup_to_purple Replication active
[14:12:34] Idle check: zrepl backup_to_purple Replication active
[14:13:05] Idle check: zrepl backup_to_purple Replication active
[14:13:35] Idle check: zrepl backup_to_purple Replication active
[14:14:06] Idle check: zrepl backup_to_purple Replication active
[14:14:37] Idle check: zrepl backup_to_purple Replication active
[14:15:08] Idle check: zrepl backup_to_purple Replication active
[14:15:39] Idle check: zrepl backup_to_purple Replication active
[14:16:09] Idle check: zrepl backup_to_purple Replication active
[14:16:40] Idle check: zrepl backup_to_purple Replication active
[14:17:11] Idle check: zrepl backup_to_purple Replication active
[14:17:42] Idle check: zrepl backup_to_purple Replication active
[14:18:12] Idle check: zrepl backup_to_purple Replication active
[14:18:43] Idle check: zrepl backup_to_purple Replication active
[14:19:14] Idle check: zrepl backup_to_purple Replication active
[14:19:45] Idle check: zrepl backup_to_purple Replication active
[14:20:16] Idle check: zrepl backup_to_purple Replication active
[14:20:46] Idle check: zrepl backup_to_purple Replication active
[14:21:17] Idle check: zrepl backup_to_purple Replication active
[14:21:48] Idle check: zrepl backup_to_purple Replication active
[14:22:19] Idle check: zrepl backup_to_purple Replication active
[14:22:50] Idle check: zrepl backup_to_purple Replication active
[14:23:20] Idle check: zrepl backup_to_purple Replication active
[14:23:51] Idle check: zrepl backup_to_purple Replication active
[14:24:22] Idle check: zrepl backup_to_purple Replication active
[14:24:53] Idle check: zrepl backup_to_purple Replication active
[14:25:24] Idle check: zrepl backup_to_purple Replication active
[14:25:54] Idle check: zrepl backup_to_purple Replication active
[14:26:25] Idle check: zrepl backup_to_purple Replication active
[14:26:56] Idle check: zrepl backup_to_purple Replication active
[14:27:27] Idle check: zrepl backup_to_purple Replication active
[14:27:57] Idle check: zrepl backup_to_purple Replication active
[14:28:28] Idle check: zrepl backup_to_purple Replication active
[14:28:59] Idle check: zrepl backup_to_purple Replication active
[14:29:30] Idle check: zrepl backup_to_purple Replication active
[14:30:01] Idle check: zrepl backup_to_purple Replication active
[14:30:31] Idle check: zrepl backup_to_purple Replication active
[14:31:02] Idle check: zrepl backup_to_purple Replication active
[14:31:33] Idle check: zrepl backup_to_purple Replication active
[14:32:04] Idle check: zrepl backup_to_purple Replication active
[14:32:35] Idle check: zrepl backup_to_purple Replication active
[14:33:05] Idle check: zrepl backup_to_purple Replication active
[14:33:36] Idle check: zrepl backup_to_purple Replication active
[14:34:07] Idle check: zrepl backup_to_purple Replication active
[14:34:38] Idle check: zrepl backup_to_purple Replication active
[14:35:09] Idle check: zrepl backup_to_purple Replication active
[14:35:40] Idle check: zrepl backup_to_purple Replication active
[14:36:11] Idle check: zrepl backup_to_purple Replication active
[14:36:42] Idle check: zrepl backup_to_purple Replication active
[14:37:12] Idle check: zrepl backup_to_purple Replication active
[14:37:43] Idle check: zrepl backup_to_purple Replication active
[14:38:14] Idle check: zrepl backup_to_purple Replication active
[14:38:45] Idle check: zrepl backup_to_purple Replication active
[14:39:16] Idle check: zrepl backup_to_purple Replication active
[14:39:46] Idle check: zrepl backup_to_purple Replication active
[14:40:17] Idle check: zrepl backup_to_purple Replication active
[14:40:48] Idle check: zrepl backup_to_purple Replication active
[14:41:19] Idle check: zrepl backup_to_purple Replication active
[14:41:50] Idle check: zrepl backup_to_purple Replication active
[14:42:20] Idle check: zrepl backup_to_purple Replication active
[14:42:51] Idle check: zrepl backup_to_purple Replication active
[14:43:22] Idle check: zrepl backup_to_purple Replication active
[14:43:53] Idle check: zrepl backup_to_purple Replication active
[14:44:23] Idle check: zrepl backup_to_purple Replication active
[14:44:54] Idle check: zrepl backup_to_purple Replication active
[14:45:25] Idle check: zrepl backup_to_purple Replication active
[14:45:56] Idle check: zrepl backup_to_purple Replication active
[14:46:27] Idle check: zrepl backup_to_purple Replication active
[14:46:57] Idle check: zrepl backup_to_purple Replication active
[14:47:28] Idle check: zrepl backup_to_purple Replication active
[14:47:59] Idle check: zrepl backup_to_purple Replication active
[14:48:30] Idle check: zrepl backup_to_purple Replication active
[14:49:01] Idle check: zrepl backup_to_purple Replication active
[14:49:31] Idle check: zrepl backup_to_purple Replication active
[14:50:02] Idle check: zrepl backup_to_purple Replication active
[14:50:33] Idle check: zrepl backup_to_purple Replication active
[14:51:04] Idle check: zrepl backup_to_purple Replication active
[14:51:34] Idle check: zrepl backup_to_purple Replication active
[14:52:05] Idle check: zrepl backup_to_purple Replication active
[14:52:36] Idle check: zrepl backup_to_purple Replication active
[14:53:07] Idle check: zrepl backup_to_purple Replication active
[14:53:38] Idle check: zrepl backup_to_purple Replication active
[14:54:08] Idle check: zrepl backup_to_purple Replication active
[14:54:39] Idle check: zrepl backup_to_purple Replication active
[14:55:10] Idle check: zrepl backup_to_purple Replication active
[14:55:41] Idle check: zrepl backup_to_purple Replication active
[14:56:12] Idle check: zrepl backup_to_purple Replication active
[14:56:42] Idle check: zrepl backup_to_purple Replication active
[14:57:13] Idle check: zrepl backup_to_purple Replication active
[14:57:44] Idle check: zrepl backup_to_purple Replication active
[14:58:15] Idle check: zrepl backup_to_purple Replication active
[14:58:46] Idle check: zrepl backup_to_purple Replication active
[14:59:17] Idle check: zrepl backup_to_purple Replication active
[14:59:47] Idle check: zrepl backup_to_purple Replication active
[15:00:18] Idle check: zrepl backup_to_purple Replication active
[15:00:49] Idle check: zrepl backup_to_purple Replication active
[15:01:20] Idle check: zrepl backup_to_purple Replication active
[15:01:51] Idle check: zrepl backup_to_purple Replication active
[15:02:22] Idle check: zrepl backup_to_purple Replication active
[15:02:52] Idle check: zrepl backup_to_purple Replication active
[15:03:23] Idle check: zrepl backup_to_purple Replication active
[15:03:54] Idle check: zrepl backup_to_purple Replication active
[15:04:25] Idle check: zrepl backup_to_purple Replication active
[15:04:56] Idle check: zrepl backup_to_purple Replication active
[15:05:27] Idle check: zrepl backup_to_purple Replication active
[15:05:57] Idle check: zrepl backup_to_purple Replication active
[15:06:28] Idle check: zrepl backup_to_purple Replication active
[15:06:59] Idle check: zrepl backup_to_purple Replication active
[15:07:30] Idle check: zrepl backup_to_purple Replication active
[15:08:01] Idle check: zrepl backup_to_purple Replication active
[15:08:31] Idle check: zrepl backup_to_purple Replication active
[15:09:02] Idle check: zrepl backup_to_purple Replication active
[15:09:33] Idle check: zrepl backup_to_purple Replication active
[15:10:04] Idle check: zrepl backup_to_purple Replication active
[15:10:35] Idle check: zrepl backup_to_purple Replication active
[15:11:06] Idle check: zrepl backup_to_purple Replication active
[15:11:36] Idle check: zrepl backup_to_purple Replication active
[15:12:07] Idle check: zrepl backup_to_purple Replication active
[15:12:38] Idle check: zrepl backup_to_purple Replication active
[15:13:09] Idle check: zrepl backup_to_purple Replication active
[15:13:40] Idle check: zrepl backup_to_purple Replication active
[15:14:11] Idle check: zrepl backup_to_purple Replication active
[15:14:42] Idle check: zrepl backup_to_purple Replication active
[15:15:12] Idle check: zrepl backup_to_purple Replication active
[15:15:43] Idle check: zrepl backup_to_purple Replication active
[15:16:14] Idle check: zrepl backup_to_purple Replication active
[15:16:45] Idle check: zrepl backup_to_purple Replication active
[15:17:16] Idle check: zrepl backup_to_purple Replication active
[15:17:46] Idle check: zrepl backup_to_purple Replication active
[15:18:17] Idle check: zrepl backup_to_purple Replication active
[15:18:48] Idle check: zrepl backup_to_purple Replication active
[15:19:19] Idle check: zrepl backup_to_purple Replication active
[15:19:50] Idle check: zrepl backup_to_purple Replication active
[15:20:21] Idle check: zrepl backup_to_purple Replication active
[15:20:51] Idle check: zrepl backup_to_purple Replication active
[15:21:22] Idle check: zrepl backup_to_purple Replication active
[15:21:53] Idle check: zrepl backup_to_purple Replication active
[15:22:24] Idle check: zrepl backup_to_purple Replication active
[15:22:55] Idle check: zrepl backup_to_purple Replication active
[15:23:26] Idle check: zrepl backup_to_purple Replication active
[15:23:56] Idle check: zrepl backup_to_purple Replication active
[15:24:27] Idle check: zrepl backup_to_purple Replication active
[15:24:58] Idle check: zrepl backup_to_purple Replication active
[15:25:29] Idle check: zrepl backup_to_purple Replication active
[15:26:00] Idle check: zrepl backup_to_purple Replication active
[15:26:31] Idle check: zrepl backup_to_purple Replication active
[15:27:01] Idle check: zrepl backup_to_purple Replication active
[15:27:32] Idle check: zrepl backup_to_purple Replication active
[15:28:03] Idle check: zrepl backup_to_purple Replication active
[15:28:34] Idle check: zrepl backup_to_purple Replication active
[15:29:05] Idle check: zrepl backup_to_purple Replication active
[15:29:36] Idle check: zrepl backup_to_purple Replication active
[15:30:07] Idle check: zrepl backup_to_purple Replication active
[15:30:37] Idle check: zrepl backup_to_purple Replication active
[15:31:08] Idle check: zrepl backup_to_purple Replication active
[15:31:39] Idle check: zrepl backup_to_purple Replication active
[15:32:10] Idle check: zrepl backup_to_purple Replication active
[15:32:41] Idle check: zrepl backup_to_purple Replication active
[15:33:12] Idle check: zrepl backup_to_purple Replication active
[15:33:42] Idle check: zrepl backup_to_purple Replication active
[15:34:13] Idle check: zrepl backup_to_purple Replication active
[15:34:44] Idle check: zrepl backup_to_purple Replication active
[15:35:15] Idle check: zrepl backup_to_purple Replication active
[15:35:46] Idle check: zrepl backup_to_purple Replication active
[15:36:17] Idle check: zrepl backup_to_purple Replication active
[15:36:48] Idle check: zrepl backup_to_purple Replication active
[15:37:18] Idle check: zrepl backup_to_purple Replication active
[15:37:49] Idle check: zrepl backup_to_purple Replication active
[15:38:20] Idle check: zrepl backup_to_purple Replication active
[15:38:51] Idle check: zrepl backup_to_purple Replication active
[15:39:22] Idle check: zrepl backup_to_purple Replication active
[15:39:52] Idle check: zrepl backup_to_purple Replication active
[15:40:23] Idle check: zrepl backup_to_purple Replication active
[15:40:54] Idle check: zrepl backup_to_purple Replication active
[15:41:25] Idle check: zrepl backup_to_purple Replication active
[15:41:56] Idle check: zrepl backup_to_purple Replication active
[15:42:27] Idle check: zrepl backup_to_purple Replication active
[15:42:57] Idle check: zrepl backup_to_purple Replication active
[15:43:28] Idle check: zrepl backup_to_purple Replication active
[15:43:59] Idle check: zrepl backup_to_purple Replication active
[15:44:30] Idle check: zrepl backup_to_purple Replication active
[15:45:01] Idle check: zrepl backup_to_purple Replication active
[15:45:32] Idle check: zrepl backup_to_purple Replication active
[15:46:02] Idle check: zrepl backup_to_purple Replication active
[15:46:33] Idle check: zrepl backup_to_purple Replication active
[15:47:04] Idle check: zrepl backup_to_purple Replication active
[15:47:35] Idle check: zrepl backup_to_purple Replication active
[15:48:06] Idle check: zrepl backup_to_purple Replication active
[15:48:37] Idle check: zrepl backup_to_purple Replication active
[15:49:07] Idle check: zrepl backup_to_purple Replication active
[15:49:38] Idle check: zrepl backup_to_purple Replication active
[15:50:09] Idle check: zrepl backup_to_purple Replication active
[15:50:40] Idle check: zrepl backup_to_purple Replication active
[15:51:11] Idle check: zrepl backup_to_purple Replication active
[15:51:42] Idle check: zrepl backup_to_purple Replication active
[15:52:12] Idle check: zrepl backup_to_purple Replication active
[15:52:43] Idle check: zrepl backup_to_purple Replication active
[15:53:14] Idle check: zrepl backup_to_purple Replication active
[15:53:45] Idle check: zrepl backup_to_purple Replication active
[15:54:16] Idle check: zrepl backup_to_purple Replication active
[15:54:47] Idle check: zrepl backup_to_purple Replication active
[15:55:17] Idle check: zrepl backup_to_purple Replication active
[15:55:48] Idle check: zrepl backup_to_purple Replication active
[15:56:19] Idle check: zrepl backup_to_purple Replication active
[15:56:50] Idle check: zrepl backup_to_purple Replication active
[15:57:21] Idle check: zrepl backup_to_purple Replication active
[15:57:52] Idle check: zrepl backup_to_purple Replication active
[15:58:22] Idle check: zrepl backup_to_purple Replication active
[15:58:53] Idle check: zrepl backup_to_purple Replication active
[15:59:24] Idle check: zrepl backup_to_purple Replication active
[15:59:55] Idle check: zrepl backup_to_purple Replication active
[16:00:26] Idle check: zrepl backup_to_purple Replication active
[16:00:57] Idle check: zrepl backup_to_purple Replication active
[16:01:27] Idle check: zrepl backup_to_purple Replication active
[16:01:58] Idle check: zrepl backup_to_purple Replication active
[16:02:29] Idle check: zrepl backup_to_purple Replication active
[16:03:00] Idle check: zrepl backup_to_purple Replication active
[16:03:31] Idle check: zrepl backup_to_purple Replication active
[16:04:02] Idle check: zrepl backup_to_purple Replication active
[16:04:32] Idle check: zrepl backup_to_purple Replication active
[16:05:03] Idle check: zrepl backup_to_purple Replication active
[16:05:34] Idle check: zrepl backup_to_purple Replication active
[16:06:05] Idle check: zrepl backup_to_purple Replication active
[16:06:36] Idle check: zrepl backup_to_purple Replication active
[16:07:07] Idle check: zrepl backup_to_purple Replication active
[16:07:37] Idle check: zrepl backup_to_purple Replication active
[16:08:08] Idle check: zrepl backup_to_purple Replication active
[16:08:39] Idle check: zrepl backup_to_purple Replication active
[16:09:10] Idle check: zrepl backup_to_purple Replication active
[16:09:41] Idle check: zrepl backup_to_purple Replication active
[16:10:12] Idle check: zrepl backup_to_purple Replication active
[16:10:42] Idle check: zrepl backup_to_purple Replication active
[16:11:13] Idle check: zrepl backup_to_purple Replication active
[16:11:44] Idle check: zrepl backup_to_purple Replication active
[16:12:15] Idle check: zrepl backup_to_purple Replication active
[16:12:46] Idle check: zrepl backup_to_purple Replication active
[16:13:17] Idle check: zrepl backup_to_purple Replication active
[16:13:48] Idle check: zrepl backup_to_purple Replication active
[16:14:18] Idle check: zrepl backup_to_purple Replication active
[16:14:49] Idle check: zrepl backup_to_purple Replication active
[16:15:20] Idle check: zrepl backup_to_purple Replication active
[16:15:51] Idle check: zrepl backup_to_purple Replication active
[16:16:22] Idle check: zrepl backup_to_purple Replication active
[16:16:53] Idle check: zrepl backup_to_purple Replication active
[16:17:23] Idle check: zrepl backup_to_purple Replication active
[16:17:54] Idle check: zrepl backup_to_purple Replication active
[16:18:25] Idle check: zrepl backup_to_purple Replication active
[16:18:56] Idle check: zrepl backup_to_purple Replication active
[16:19:27] Idle check: zrepl backup_to_purple Replication active
[16:19:58] Idle check: zrepl backup_to_purple Replication active
[16:20:28] Idle check: zrepl backup_to_purple Replication active
[16:20:59] Idle check: zrepl backup_to_purple Replication active
[16:21:30] Idle check: zrepl backup_to_purple Replication active
[16:22:01] Idle check: zrepl backup_to_purple Replication active
[16:22:32] Idle check: zrepl backup_to_purple Replication active
[16:23:03] Idle check: zrepl backup_to_purple Replication active
[16:23:33] Idle check: zrepl backup_to_purple Replication active
[16:24:04] Idle check: zrepl backup_to_purple Replication active
[16:24:35] Idle check: zrepl backup_to_purple Replication active
[16:25:06] Idle check: zrepl backup_to_purple Replication active
[16:25:37] Idle check: zrepl backup_to_purple Replication active
[16:26:08] Idle check: zrepl backup_to_purple Replication active
[16:26:38] Idle check: zrepl backup_to_purple Replication active
[16:27:09] Idle check: zrepl backup_to_purple Replication active
[16:27:40] Idle check: zrepl backup_to_purple Replication active
[16:28:11] Idle check: zrepl backup_to_purple Replication active
[16:28:42] Idle check: zrepl backup_to_purple Replication active
[16:29:13] Idle check: zrepl backup_to_purple Replication active
[16:29:43] Idle check: zrepl backup_to_purple Replication active
[16:30:14] Idle check: zrepl backup_to_purple Replication active
[16:30:45] Idle check: zrepl backup_to_purple Replication active
[16:31:16] Idle check: zrepl backup_to_purple Replication active
[16:31:47] Idle check: zrepl backup_to_purple Replication active
[16:32:18] Idle check: zrepl backup_to_purple Replication active
[16:32:48] Idle check: zrepl backup_to_purple Replication active
[16:33:19] Idle check: zrepl backup_to_purple Replication active
[16:33:50] Idle check: zrepl backup_to_purple Replication active
[16:34:21] Idle check: zrepl backup_to_purple Replication active
[16:34:52] Idle check: zrepl backup_to_purple Replication active
[16:35:23] Idle check: zrepl backup_to_purple Replication active
[16:35:53] Idle check: zrepl backup_to_purple Replication active
[16:36:24] Idle check: zrepl backup_to_purple Replication active
[16:36:55] Idle check: zrepl backup_to_purple Replication active
[16:37:26] Idle check: zrepl backup_to_purple Replication active
[16:37:57] Idle check: zrepl backup_to_purple Replication active
[16:38:28] Idle check: zrepl backup_to_purple Replication active
[16:38:59] Idle check: zrepl backup_to_purple Replication active
[16:39:29] Idle check: zrepl backup_to_purple Replication active
[16:40:00] Idle check: zrepl backup_to_purple Replication active
[16:40:31] Idle check: zrepl backup_to_purple Replication active
[16:41:02] Idle check: zrepl backup_to_purple Replication active
[16:41:33] Idle check: zrepl backup_to_purple Replication active
[16:42:04] Idle check: zrepl backup_to_purple Replication active
[16:42:34] Idle check: zrepl backup_to_purple Replication active
[16:43:05] Idle check: zrepl backup_to_purple Replication active
[16:43:36] Idle check: zrepl backup_to_purple Replication active
[16:44:07] Idle check: zrepl backup_to_purple Replication active
[16:44:38] Idle check: zrepl backup_to_purple Replication active
[16:45:09] Idle check: zrepl backup_to_purple Replication active
[16:45:39] Idle check: zrepl backup_to_purple Replication active
[16:46:10] Idle check: zrepl backup_to_purple Replication active
[16:46:41] Idle check: zrepl backup_to_purple Replication active
[16:47:12] Idle check: zrepl backup_to_purple Replication active
[16:47:43] Idle check: zrepl backup_to_purple Replication active
[16:48:14] Idle check: zrepl backup_to_purple Replication active
[16:48:44] Idle check: zrepl backup_to_purple Replication active
[16:49:15] Idle check: zrepl backup_to_purple Replication active
[16:49:46] Idle check: zrepl backup_to_purple Replication active
[16:50:17] Idle check: zrepl backup_to_purple Replication active
[16:50:48] Idle check: zrepl backup_to_purple Replication active
[16:51:19] Idle check: zrepl backup_to_purple Replication active
[16:51:49] Idle check: zrepl backup_to_purple Replication active
[16:52:20] Idle check: zrepl backup_to_purple Replication active
[16:52:51] Idle check: zrepl backup_to_purple Replication active
[16:53:22] Idle check: zrepl backup_to_purple Replication active
[16:53:53] Idle check: zrepl backup_to_purple Replication active
[16:54:24] Idle check: zrepl backup_to_purple Replication active
[16:54:54] Idle check: zrepl backup_to_purple Replication active
[16:55:25] Idle check: zrepl backup_to_purple Replication active
[16:55:56] Idle check: zrepl backup_to_purple Replication active
[16:56:27] Idle check: zrepl backup_to_purple Replication active
[16:56:58] Idle check: zrepl backup_to_purple Replication active
[16:57:29] Idle check: zrepl backup_to_purple Replication active
[16:57:59] Idle check: zrepl backup_to_purple Replication active
[16:58:30] Idle check: zrepl backup_to_purple Replication active
[16:59:01] Idle check: zrepl backup_to_purple Replication active
[16:59:32] Idle check: zrepl backup_to_purple Replication active
[17:00:03] Idle check: zrepl backup_to_purple Replication active
[17:00:34] Idle check: zrepl backup_to_purple Replication active
[17:01:04] Idle check: zrepl backup_to_purple Replication active
[17:01:35] Idle check: zrepl backup_to_purple Replication active
[17:02:06] Idle check: zrepl backup_to_purple Replication active
[17:02:37] Idle check: zrepl backup_to_purple Replication active
[17:03:08] Idle check: zrepl backup_to_purple Replication active
[17:03:38] Idle check: zrepl backup_to_purple Replication active
[17:04:09] Idle check: zrepl backup_to_purple Replication active
[17:04:40] Idle check: zrepl backup_to_purple Replication active
[17:05:11] Idle check: zrepl backup_to_purple Replication active
[17:05:42] Idle check: zrepl backup_to_purple Replication active
[17:06:13] Idle check: zrepl backup_to_purple Replication active
[17:06:43] Idle check: zrepl backup_to_purple Replication active
[17:07:14] Idle check: zrepl backup_to_purple Replication active
[17:07:45] Idle check: zrepl backup_to_purple Replication active
[17:08:16] Idle check: zrepl backup_to_purple Replication active
[17:08:47] Idle check: zrepl backup_to_purple Replication active
[17:09:18] Idle check: zrepl backup_to_purple Replication active
[17:09:48] Idle check: zrepl backup_to_purple Replication active
[17:10:19] Idle check: zrepl backup_to_purple Replication active
[17:10:50] Idle check: zrepl backup_to_purple Replication active
[17:11:21] Idle check: zrepl backup_to_purple Replication active
[17:11:52] Idle check: zrepl backup_to_purple Replication active
[17:12:23] Idle check: zrepl backup_to_purple Replication active
[17:12:53] Idle check: zrepl backup_to_purple Replication active
[17:13:24] Idle check: zrepl backup_to_purple Replication active
[17:13:55] Idle check: zrepl backup_to_purple Replication active
[17:14:26] Idle check: zrepl backup_to_purple Replication active
[17:14:57] Idle check: zrepl backup_to_purple Replication active
[17:15:28] Idle check: zrepl backup_to_purple Replication active
[17:15:58] Idle check: zrepl backup_to_purple Replication active
[17:16:29] Idle check: zrepl backup_to_purple Replication active
[17:17:00] Idle check: zrepl backup_to_purple Replication active
[17:17:31] Idle check: zrepl backup_to_purple Replication active
[17:18:02] Idle check: zrepl backup_to_purple Replication active
[17:18:33] Idle check: zrepl backup_to_purple Replication active
[17:19:03] Idle check: zrepl backup_to_purple Replication active
[17:19:34] Idle check: zrepl backup_to_purple Replication active
[17:20:05] Idle check: zrepl backup_to_purple Replication active
[17:20:36] Idle check: zrepl backup_to_purple Replication active
[17:21:07] Idle check: zrepl backup_to_purple Replication active
[17:21:38] Idle check: zrepl backup_to_purple Replication active
[17:22:08] Idle check: zrepl backup_to_purple Replication active
[17:22:39] Idle check: zrepl backup_to_purple Replication active
[17:23:10] Idle check: zrepl backup_to_purple Replication active
[17:23:41] Idle check: zrepl backup_to_purple Replication active
[17:24:12] Idle check: zrepl backup_to_purple Replication active
[17:24:43] Idle check: zrepl backup_to_purple Replication active
[17:25:13] Idle check: zrepl backup_to_purple Replication active
[17:25:44] Idle check: zrepl backup_to_purple Replication active
[17:26:15] Idle check: zrepl backup_to_purple Replication active
[17:26:46] Idle check: zrepl backup_to_purple Replication active
[17:27:17] Idle check: zrepl backup_to_purple Replication active
[17:27:48] Idle check: zrepl backup_to_purple Replication active
[17:28:18] Idle check: zrepl backup_to_purple Replication active
[17:28:49] Idle check: zrepl backup_to_purple Replication active
[17:29:20] Idle check: zrepl backup_to_purple Replication active
[17:29:51] Idle check: zrepl backup_to_purple Replication active
[17:30:22] Idle check: zrepl backup_to_purple Replication active
[17:30:53] Idle check: zrepl backup_to_purple Replication active
[17:31:23] Idle check: zrepl backup_to_purple Replication active
[17:31:54] Idle check: zrepl backup_to_purple Replication active
[17:32:25] Idle check: zrepl backup_to_purple Replication active
[17:32:56] Idle check: zrepl backup_to_purple Replication active
[17:33:27] Idle check: zrepl backup_to_purple Replication active
[17:33:58] Idle check: zrepl backup_to_purple Replication active
[17:34:28] Idle check: zrepl backup_to_purple Replication active
[17:34:59] Idle check: zrepl backup_to_purple Replication active
[17:35:30] Idle check: zrepl backup_to_purple Replication active
[17:36:01] Idle check: zrepl backup_to_purple Replication active
[17:36:32] Idle check: zrepl backup_to_purple Replication active
[17:37:03] Idle check: zrepl backup_to_purple Replication active
[17:37:33] Idle check: zrepl backup_to_purple Replication active
[17:38:04] Idle check: zrepl backup_to_purple Replication active
[17:38:35] Idle check: zrepl backup_to_purple Replication active
[17:39:06] Idle check: zrepl backup_to_purple Replication active
[17:39:37] Idle check: zrepl backup_to_purple Replication active
[17:40:08] Idle check: zrepl backup_to_purple Replication active
[17:40:38] Idle check: zrepl backup_to_purple Replication active
[17:41:09] Idle check: zrepl backup_to_purple Replication active
[17:41:40] Idle check: zrepl backup_to_purple Replication active
[17:42:11] Idle check: zrepl backup_to_purple Replication active
[17:42:42] Idle check: zrepl backup_to_purple Replication active
[17:43:13] Idle check: zrepl backup_to_purple Replication active
[17:43:43] Idle check: zrepl backup_to_purple Replication active
[17:44:14] Idle check: zrepl backup_to_purple Replication active
[17:44:45] Idle check: zrepl backup_to_purple Replication active
[17:45:16] Idle check: zrepl backup_to_purple Replication active
[17:45:47] Idle check: zrepl backup_to_purple Replication active
[17:46:18] Idle check: zrepl backup_to_purple Replication active
[17:46:48] Idle check: zrepl backup_to_purple Replication active
[17:47:19] Idle check: zrepl backup_to_purple Replication active
[17:47:50] Idle check: zrepl backup_to_purple Replication active
[17:48:21] Idle check: zrepl backup_to_purple Replication active
[17:48:52] Idle check: zrepl backup_to_purple Replication active
[17:49:23] Idle check: zrepl backup_to_purple Replication active
[17:49:53] Idle check: zrepl backup_to_purple Replication active
[17:50:24] Idle check: zrepl backup_to_purple Replication active
[17:50:55] Idle check: zrepl backup_to_purple Replication active
[17:51:26] Idle check: zrepl backup_to_purple Replication active
[17:51:57] Idle check: zrepl backup_to_purple Replication active
[17:52:27] Idle check: zrepl backup_to_purple Replication active
[17:52:58] Idle check: zrepl backup_to_purple Replication active
[17:53:29] Idle check: zrepl backup_to_purple Replication active
[17:54:00] Idle check: zrepl backup_to_purple Replication active
[17:54:31] Idle check: zrepl backup_to_purple Replication active
[17:55:02] Idle check: zrepl backup_to_purple Replication active
[17:55:33] Idle check: zrepl backup_to_purple Replication active
[17:56:03] Idle check: zrepl backup_to_purple Replication active
[17:56:34] Idle check: zrepl backup_to_purple Replication active
[17:57:05] Idle check: zrepl backup_to_purple Replication active
[17:57:36] Idle check: zrepl backup_to_purple Replication active
[17:58:07] Idle check: zrepl backup_to_purple Replication active
[17:58:37] Idle check: zrepl backup_to_purple Replication active
[17:59:08] Idle check: zrepl backup_to_purple Replication active
[17:59:39] Idle check: zrepl backup_to_purple Replication active
[18:00:10] Idle check: zrepl backup_to_purple Replication active
[18:00:41] Idle check: zrepl backup_to_purple Replication active
[18:01:12] Idle check: zrepl backup_to_purple Replication active
[18:01:43] Idle check: zrepl backup_to_purple Replication active
[18:02:13] Idle check: zrepl backup_to_purple Replication active
[18:02:44] Idle check: zrepl backup_to_purple Replication active
[18:03:15] Idle check: zrepl backup_to_purple Replication active
[18:03:46] Idle check: zrepl backup_to_purple Replication active
[18:04:17] Idle check: zrepl backup_to_purple Replication active
[18:04:48] Idle check: zrepl backup_to_purple Replication active
[18:05:18] Idle check: zrepl backup_to_purple Replication active
[18:05:49] Idle check: zrepl backup_to_purple Replication active
[18:06:20] Idle check: zrepl backup_to_purple Replication active
[18:06:51] Idle check: zrepl backup_to_purple Replication active
[18:07:22] Idle check: zrepl backup_to_purple Replication active
[18:07:52] Idle check: zrepl backup_to_purple Replication active
[18:08:23] Idle check: zrepl backup_to_purple Replication active
[18:08:54] Idle check: zrepl backup_to_purple Replication active
[18:09:25] Idle check: zrepl backup_to_purple Replication active
[18:09:56] Idle check: zrepl backup_to_purple Replication active
[18:10:27] Idle check: zrepl backup_to_purple Replication active
[18:10:57] Idle check: zrepl backup_to_purple Replication active
[18:11:28] Idle check: zrepl backup_to_purple Replication active
[18:11:59] Idle check: zrepl backup_to_purple Replication active
[18:12:30] Idle check: zrepl backup_to_purple Replication active
[18:13:01] Idle check: zrepl backup_to_purple Replication active
[18:13:32] Idle check: zrepl backup_to_purple Replication active
[18:14:02] Idle check: zrepl backup_to_purple Replication active
[18:14:33] Idle check: zrepl backup_to_purple Replication active
[18:15:04] Idle check: zrepl backup_to_purple Replication active
[18:15:35] Idle check: zrepl backup_to_purple Replication active
[18:16:06] Idle check: zrepl backup_to_purple Replication active
[18:16:37] Idle check: zrepl backup_to_purple Replication active
[18:17:07] Idle check: zrepl backup_to_purple Replication active
[18:17:38] Idle check: zrepl backup_to_purple Replication active
[18:18:09] Idle check: zrepl backup_to_purple Replication active
[18:18:40] Idle check: zrepl backup_to_purple Replication active
[18:19:11] Idle check: zrepl backup_to_purple Replication active
[18:19:42] Idle check: zrepl backup_to_purple Replication active
[18:20:12] Idle check: zrepl backup_to_purple Replication active
[18:20:43] Idle check: zrepl backup_to_purple Replication active
[18:21:14] Idle check: zrepl backup_to_purple Replication active
[18:21:45] Idle check: zrepl backup_to_purple Replication active
[18:22:16] Idle check: zrepl backup_to_purple Replication active
[18:22:46] Idle check: zrepl backup_to_purple Replication active
[18:23:17] Idle check: zrepl backup_to_purple Replication active
[18:23:48] Idle check: zrepl backup_to_purple Replication active
[18:24:19] Idle check: zrepl backup_to_purple Replication active
[18:24:50] Idle check: zrepl backup_to_purple Replication active
[18:25:21] Idle check: zrepl backup_to_purple Replication active
[18:25:52] Idle check: zrepl backup_to_purple Replication active
[18:26:22] Idle check: zrepl backup_to_purple Replication active
[18:26:53] Idle check: zrepl backup_to_purple Replication active
[18:27:24] Idle check: zrepl backup_to_purple Replication active
[18:27:55] Idle check: zrepl backup_to_purple Replication active
[18:28:26] Idle check: zrepl backup_to_purple Replication active
[18:28:57] Idle check: zrepl backup_to_purple Replication active
[18:29:27] Idle check: zrepl backup_to_purple Replication active
[18:29:58] Idle check: zrepl backup_to_purple Replication active
[18:30:29] Idle check: zrepl backup_to_purple Replication active
[18:31:00] Idle check: zrepl backup_to_purple Replication active
[18:31:31] Idle check: zrepl backup_to_purple Replication active
[18:32:02] Idle check: zrepl backup_to_purple Replication active
[18:32:32] Idle check: zrepl backup_to_purple Replication active
[18:33:03] Idle check: zrepl backup_to_purple Replication active
[18:33:34] Idle check: zrepl backup_to_purple Replication active
[18:34:05] Idle check: zrepl backup_to_purple Replication active
[18:34:36] Idle check: zrepl backup_to_purple Replication active
[18:35:07] Idle check: zrepl backup_to_purple Replication active
[18:35:37] Idle check: zrepl backup_to_purple Replication active
[18:36:08] Idle check: zrepl backup_to_purple Replication active
[18:36:39] Idle check: zrepl backup_to_purple Replication active
[18:37:10] Idle check: zrepl backup_to_purple Replication active
[18:37:41] Idle check: zrepl backup_to_purple Replication active
[18:38:12] Idle check: zrepl backup_to_purple Replication active
[18:38:42] Idle check: zrepl backup_to_purple Replication active
[18:39:13] Idle check: zrepl backup_to_purple Replication active
[18:39:44] Idle check: zrepl backup_to_purple Replication active
[18:40:15] Idle check: zrepl backup_to_purple Replication active
[18:40:46] Idle check: zrepl backup_to_purple Replication active
[18:41:17] Idle check: zrepl backup_to_purple Replication active
[18:41:47] Idle check: zrepl backup_to_purple Replication active
[18:42:18] Idle check: zrepl backup_to_purple Replication active
[18:42:49] Idle check: zrepl backup_to_purple Replication active
[18:43:20] Idle check: zrepl backup_to_purple Replication active
[18:43:51] Idle check: zrepl backup_to_purple Replication active
[18:44:22] Idle check: zrepl backup_to_purple Replication active
[18:44:52] Idle check: zrepl backup_to_purple Replication active
[18:45:23] Idle check: zrepl backup_to_purple Replication active
[18:45:54] Idle check: zrepl backup_to_purple Replication active
[18:46:25] Idle check: zrepl backup_to_purple Replication active
[18:46:56] Idle check: zrepl backup_to_purple Replication active
[18:47:27] Idle check: zrepl backup_to_purple Replication active
[18:47:57] Idle check: zrepl backup_to_purple Replication active
[18:48:28] Idle check: zrepl backup_to_purple Replication active
[18:48:59] Idle check: zrepl backup_to_purple Replication active
[18:49:30] Idle check: zrepl backup_to_purple Replication active
[18:50:01] Idle check: zrepl backup_to_purple Replication active
[18:50:32] Idle check: zrepl backup_to_purple Replication active
[18:51:02] Idle check: zrepl backup_to_purple Replication active
[18:51:33] Idle check: zrepl backup_to_purple Replication active
[18:52:04] Idle check: zrepl backup_to_purple Replication active
[18:52:35] Idle check: zrepl backup_to_purple Replication active
[18:53:06] Idle check: zrepl backup_to_purple Replication active
[18:53:37] Idle check: zrepl backup_to_purple Replication active
[18:54:08] Idle check: zrepl backup_to_purple Replication active
[18:54:38] Idle check: zrepl backup_to_purple Replication active
[18:55:09] Idle check: zrepl backup_to_purple Replication active
[18:55:40] Idle check: zrepl backup_to_purple Replication active
[18:56:11] Idle check: zrepl backup_to_purple Replication active
[18:56:42] Idle check: zrepl backup_to_purple Replication active
[18:57:13] Idle check: zrepl backup_to_purple Replication active
[18:57:43] Idle check: zrepl backup_to_purple Replication active
[18:58:14] Idle check: zrepl backup_to_purple Replication active
[18:58:45] Idle check: zrepl backup_to_purple Replication active
[18:59:16] Idle check: zrepl backup_to_purple Replication active
[18:59:47] Idle check: zrepl backup_to_purple Replication active
[19:00:18] Idle check: zrepl backup_to_purple Replication active
[19:00:48] Idle check: zrepl backup_to_purple Replication active
[19:01:19] Idle check: zrepl backup_to_purple Replication active
[19:01:50] Idle check: zrepl backup_to_purple Replication active
[19:02:21] Idle check: zrepl backup_to_purple Replication active
[19:02:52] Idle check: zrepl backup_to_purple Replication active
[19:03:23] Idle check: zrepl backup_to_purple Replication active
[19:03:54] Idle check: zrepl backup_to_purple Replication active
[19:04:24] Idle check: zrepl backup_to_purple Replication active
[19:04:55] Idle check: zrepl backup_to_purple Replication active
[19:05:26] Idle check: zrepl backup_to_purple Replication active
[19:05:57] Idle check: zrepl backup_to_purple Replication active
[19:06:27] Idle check: zrepl backup_to_purple Replication active
[19:06:58] Idle check: zrepl backup_to_purple Replication active
[19:07:29] Idle check: zrepl backup_to_purple Replication active
[19:08:00] Idle check: zrepl backup_to_purple Replication active
[19:08:31] Idle check: zrepl backup_to_purple Replication active
[19:09:02] Idle check: zrepl backup_to_purple Replication active
[19:09:32] Idle check: zrepl backup_to_purple Replication active
[19:10:03] Idle check: zrepl backup_to_purple Replication active
[19:10:34] Idle check: zrepl backup_to_purple Replication active
[19:11:05] Idle check: zrepl backup_to_purple Replication active
[19:11:36] Idle check: zrepl backup_to_purple Replication active
[19:12:07] Idle check: zrepl backup_to_purple Replication active
[19:12:37] Idle check: zrepl backup_to_purple Replication active
[19:13:08] Idle check: zrepl backup_to_purple Replication active
[19:13:39] Idle check: zrepl backup_to_purple Replication active
[19:14:10] Idle check: zrepl backup_to_purple Replication active
[19:14:41] Idle check: zrepl backup_to_purple Replication active
[19:15:12] Idle check: zrepl backup_to_purple Replication active
[19:15:42] Idle check: zrepl backup_to_purple Replication active
[19:16:13] Idle check: zrepl backup_to_purple Replication active
[19:16:44] Idle check: zrepl backup_to_purple Replication active
[19:17:15] Idle check: zrepl backup_to_purple Replication active
[19:17:46] Idle check: zrepl backup_to_purple Replication active
[19:18:17] Idle check: zrepl backup_to_purple Replication active
[19:18:47] Idle check: zrepl backup_to_purple Replication active
[19:19:18] Idle check: zrepl backup_to_purple Replication active
[19:19:49] Idle check: zrepl backup_to_purple Replication active
[19:20:20] Idle check: zrepl backup_to_purple Replication active
[19:20:51] Idle check: zrepl backup_to_purple Replication active
[19:21:22] Idle check: zrepl backup_to_purple Replication active
[19:21:52] Idle check: zrepl backup_to_purple Replication active
[19:22:23] Idle check: zrepl backup_to_purple Replication active
[19:22:54] Idle check: zrepl backup_to_purple Replication active
[19:23:25] Idle check: zrepl backup_to_purple Replication active
[19:23:56] Idle check: zrepl backup_to_purple Replication active
[19:24:27] Idle check: zrepl backup_to_purple Replication active
[19:24:57] Idle check: zrepl backup_to_purple Replication active
[19:25:28] Idle check: zrepl backup_to_purple Replication active
[19:25:59] Idle check: zrepl backup_to_purple Replication active
[19:26:30] Idle check: zrepl backup_to_purple Replication active
[19:27:01] Idle check: zrepl backup_to_purple Replication active
[19:27:32] Idle check: zrepl backup_to_purple Replication active
[19:28:02] Idle check: zrepl backup_to_purple Replication active
[19:28:33] Idle check: zrepl backup_to_purple Replication active
[19:29:04] Idle check: zrepl backup_to_purple Replication active
[19:29:35] Idle check: zrepl backup_to_purple Replication active
[19:30:06] Idle check: zrepl backup_to_purple Replication active
[19:30:37] Idle check: zrepl backup_to_purple Replication active
[19:31:07] Idle check: zrepl backup_to_purple Replication active
[19:31:38] Idle check: zrepl backup_to_purple Replication active
[19:32:09] Idle check: zrepl backup_to_purple Replication active
[19:32:40] Idle check: zrepl backup_to_purple Replication active
[19:33:11] Idle check: zrepl backup_to_purple Replication active
[19:33:42] Idle check: zrepl backup_to_purple Replication active
[19:34:12] Idle check: zrepl backup_to_purple Replication active
[19:34:43] Idle check: zrepl backup_to_purple Replication active
[19:35:14] Idle check: zrepl backup_to_purple Replication active
[19:35:45] Idle check: zrepl backup_to_purple Replication active
[19:36:16] Idle check: zrepl backup_to_purple Replication active
[19:36:47] Idle check: zrepl backup_to_purple Replication active
[19:37:17] Idle check: zrepl backup_to_purple Replication active
[19:37:48] Idle check: zrepl backup_to_purple Replication active
[19:38:19] Idle check: zrepl backup_to_purple Replication active
[19:38:50] Idle check: zrepl backup_to_purple Replication active
[19:39:21] Idle check: zrepl backup_to_purple Replication active
[19:39:52] Idle check: zrepl backup_to_purple Replication active
[19:40:22] Idle check: zrepl backup_to_purple Replication active
[19:40:53] Idle check: zrepl backup_to_purple Replication active
[19:41:24] Idle check: zrepl backup_to_purple Replication active
[19:41:55] Idle check: zrepl backup_to_purple Replication active
[19:42:26] Idle check: zrepl backup_to_purple Replication active
[19:42:57] Idle check: zrepl backup_to_purple Replication active
[19:43:27] Idle check: zrepl backup_to_purple Replication active
[19:43:58] Idle check: zrepl backup_to_purple Replication active
[19:44:29] Idle check: zrepl backup_to_purple Replication active
[19:45:00] Idle check: zrepl backup_to_purple Replication active
[19:45:31] Idle check: zrepl backup_to_purple Replication active
[19:46:02] Idle check: zrepl backup_to_purple Replication active
[19:46:32] Idle check: zrepl backup_to_purple Replication active
[19:47:03] Idle check: zrepl backup_to_purple Replication active
[19:47:34] Idle check: zrepl backup_to_purple Replication active
[19:48:05] Idle check: zrepl backup_to_purple Replication active
[19:48:36] Idle check: zrepl backup_to_purple Replication active
[19:49:07] Idle check: zrepl backup_to_purple Replication active
[19:49:37] Idle check: zrepl backup_to_purple Replication active
[19:50:08] Idle check: zrepl backup_to_purple Replication active
[19:50:39] Idle check: zrepl backup_to_purple Replication active
[19:51:10] Idle check: zrepl backup_to_purple Replication active
[19:51:41] Idle check: zrepl backup_to_purple Replication active
[19:52:11] Idle check: zrepl backup_to_purple Replication active
[19:52:42] Idle check: zrepl backup_to_purple Replication active
[19:53:13] Idle check: zrepl backup_to_purple Replication active
[19:53:44] Idle check: zrepl backup_to_purple Replication active
[19:54:15] Idle check: zrepl backup_to_purple Replication active
[19:54:46] Idle check: zrepl backup_to_purple Replication active
[19:55:17] Idle check: zrepl backup_to_purple Replication active
[19:55:47] Idle check: zrepl backup_to_purple Replication active
[19:56:18] Idle check: zrepl backup_to_purple Replication active
[19:56:49] Idle check: zrepl backup_to_purple Replication active
[19:57:20] Idle check: zrepl backup_to_purple Replication active
[19:57:51] Idle check: zrepl backup_to_purple Replication active
[19:58:21] Idle check: zrepl backup_to_purple Replication active
[19:58:52] Idle check: zrepl backup_to_purple Replication active
[19:59:23] Idle check: zrepl backup_to_purple Replication active
[19:59:54] Idle check: zrepl backup_to_purple Replication active
[20:00:25] Idle check: zrepl backup_to_purple Replication active
[20:00:55] Idle check: zrepl backup_to_purple Replication active
[20:01:26] Idle check: zrepl backup_to_purple Replication active
[20:01:57] Idle check: zrepl backup_to_purple Replication active
[20:02:28] Idle check: zrepl backup_to_purple Replication active
[20:02:59] Idle check: zrepl backup_to_purple Replication active
[20:03:30] Idle check: zrepl backup_to_purple Replication active
[20:04:00] Idle check: zrepl backup_to_purple Replication active
[20:04:31] Idle check: zrepl backup_to_purple Replication active
[20:05:02] Idle check: zrepl backup_to_purple Replication active
[20:05:33] Idle check: zrepl backup_to_purple Replication active
[20:06:04] Idle check: zrepl backup_to_purple Replication active
[20:06:34] Idle check: zrepl backup_to_purple Replication active
[20:07:05] Idle check: zrepl backup_to_purple Replication active
[20:07:36] Idle check: zrepl backup_to_purple Replication active
[20:08:07] Idle check: zrepl backup_to_purple Replication active
[20:08:38] Idle check: zrepl backup_to_purple Replication active
[20:09:08] Idle check: zrepl backup_to_purple Replication active
[20:09:39] Idle check: zrepl backup_to_purple Replication active
[20:10:10] Idle check: zrepl backup_to_purple Replication active
[20:10:41] Idle check: zrepl backup_to_purple Replication active
[20:11:12] Idle check: zrepl backup_to_purple Replication active
[20:11:43] Idle check: zrepl backup_to_purple Replication active
[20:12:13] Idle check: zrepl backup_to_purple Replication active
[20:12:44] Idle check: zrepl backup_to_purple Replication active
[20:13:15] Idle check: zrepl backup_to_purple Replication active
[20:13:46] Idle check: zrepl backup_to_purple Replication active
[20:14:17] Idle check: zrepl backup_to_purple Replication active
[20:14:48] Idle check: zrepl backup_to_purple Replication active
[20:15:18] Idle check: zrepl backup_to_purple Replication active
[20:15:49] Idle check: zrepl backup_to_purple Replication active
[20:16:20] Idle check: zrepl backup_to_purple Replication active
[20:16:51] Idle check: zrepl backup_to_purple Replication active
[20:17:22] Idle check: zrepl backup_to_purple Replication active
[20:17:53] Idle check: zrepl backup_to_purple Replication active
[20:18:23] Idle check: zrepl backup_to_purple Replication active
[20:18:54] Idle check: zrepl backup_to_purple Replication active
[20:19:25] Idle check: zrepl backup_to_purple Replication active
[20:19:56] Idle check: zrepl backup_to_purple Replication active
[20:20:27] Idle check: zrepl backup_to_purple Replication active
[20:20:58] Idle check: zrepl backup_to_purple Replication active
[20:21:28] Idle check: zrepl backup_to_purple Replication active
[20:21:59] Idle check: zrepl backup_to_purple Replication active
[20:22:30] Idle check: zrepl backup_to_purple Replication active
[20:23:01] Idle check: zrepl backup_to_purple Replication active
[20:23:32] Idle check: zrepl backup_to_purple Replication active
[20:24:03] Idle check: zrepl backup_to_purple Replication active
[20:24:33] Idle check: zrepl backup_to_purple Replication active
[20:25:04] Idle check: zrepl backup_to_purple Replication active
[20:25:35] Idle check: zrepl backup_to_purple Replication active
[20:26:06] Idle check: zrepl backup_to_purple Replication active
[20:26:37] Idle check: zrepl backup_to_purple Replication active
[20:27:08] Idle check: zrepl backup_to_purple Replication active
[20:27:38] Idle check: zrepl backup_to_purple Replication active
[20:28:09] Idle check: zrepl backup_to_purple Replication active
[20:28:40] Idle check: zrepl backup_to_purple Replication active
[20:29:11] Idle check: zrepl backup_to_purple Replication active
[20:29:42] Idle check: zrepl backup_to_purple Replication active
[20:30:13] Idle check: zrepl backup_to_purple Replication active
[20:30:43] Idle check: zrepl backup_to_purple Replication active
[20:31:14] Idle check: zrepl backup_to_purple Replication active
[20:31:45] Idle check: zrepl backup_to_purple Replication active
[20:32:16] Idle check: zrepl backup_to_purple Replication active
[20:32:46] Idle check: zrepl backup_to_purple Replication active
[20:33:17] Idle check: zrepl backup_to_purple Replication active
[20:33:48] Idle check: zrepl backup_to_purple Replication active
[20:34:19] Idle check: zrepl backup_to_purple Replication active
[20:34:50] Idle check: zrepl backup_to_purple Replication active
[20:35:21] Idle check: zrepl backup_to_purple Replication active
[20:35:51] Idle check: zrepl backup_to_purple Replication active
[20:36:22] Idle check: zrepl backup_to_purple Replication active
[20:36:53] Idle check: zrepl backup_to_purple Replication active
[20:37:24] Idle check: zrepl backup_to_purple Replication active
[20:37:55] Idle check: zrepl backup_to_purple Replication active
[20:38:25] Idle check: zrepl backup_to_purple Replication active
[20:38:56] Idle check: zrepl backup_to_purple Replication active
[20:39:27] Idle check: zrepl backup_to_purple Replication active
[20:39:58] Idle check: zrepl backup_to_purple Replication active
[20:40:29] Idle check: zrepl backup_to_purple Replication active
[20:40:59] Idle check: zrepl backup_to_purple Replication active
[20:41:30] Idle check: zrepl backup_to_purple Replication active
[20:42:01] Idle check: zrepl backup_to_purple Replication active
[20:42:32] Idle check: zrepl backup_to_purple Replication active
[20:43:03] Idle check: zrepl backup_to_purple Replication active
[20:43:33] Idle check: zrepl backup_to_purple Replication active
[20:44:04] Idle check: zrepl backup_to_purple Replication active
[20:44:35] Idle check: zrepl backup_to_purple Replication active
[20:45:06] Idle check: zrepl backup_to_purple Replication active
[20:45:37] Idle check: zrepl backup_to_purple Replication active
[20:46:07] Idle check: zrepl backup_to_purple Replication active
[20:46:38] Idle check: zrepl backup_to_purple Replication active
[20:47:09] Idle check: zrepl backup_to_purple Replication active
[20:47:40] Idle check: zrepl backup_to_purple Replication active
[20:48:11] Idle check: zrepl backup_to_purple Replication active
[20:48:41] Idle check: zrepl backup_to_purple Replication active
[20:49:12] Idle check: zrepl backup_to_purple Replication active
[20:49:43] Idle check: zrepl backup_to_purple Replication active
[20:50:14] Idle check: zrepl backup_to_purple Replication active
[20:50:45] Idle check: zrepl backup_to_purple Replication active
[20:51:15] Idle check: zrepl backup_to_purple Replication active
[20:51:46] Idle check: zrepl backup_to_purple Replication active
[20:52:17] Idle check: zrepl backup_to_purple Replication active
[20:52:48] Idle check: zrepl backup_to_purple Replication active
[20:53:18] Idle check: zrepl backup_to_purple Replication active
[20:53:49] Idle check: zrepl backup_to_purple Replication active
[20:54:20] Idle check: zrepl backup_to_purple Replication active
[20:54:51] Idle check: zrepl backup_to_purple Replication active
[20:55:22] Idle check: zrepl backup_to_purple Replication active
[20:55:53] Idle check: zrepl backup_to_purple Replication active
[20:56:23] Idle check: zrepl backup_to_purple Replication active
[20:56:54] Idle check: zrepl backup_to_purple Replication active
[20:57:25] Idle check: zrepl backup_to_purple Replication active
[20:57:56] Idle check: zrepl backup_to_purple Replication active
[20:58:27] Idle check: zrepl backup_to_purple Replication active
[20:58:57] Idle check: zrepl backup_to_purple Replication active
[20:59:28] Idle check: zrepl backup_to_purple Replication active
[20:59:59] Idle check: zrepl backup_to_purple Replication active
[21:00:30] Idle check: zrepl backup_to_purple Replication active
[21:01:01] Idle check: zrepl backup_to_purple Replication active
[21:01:31] Idle check: zrepl backup_to_purple Replication active
[21:02:02] Idle check: zrepl backup_to_purple Replication active
[21:02:33] Idle check: zrepl backup_to_purple Replication active
[21:03:04] Idle check: zrepl backup_to_purple Replication active
[21:03:35] Idle check: zrepl backup_to_purple Replication active
[21:04:05] Idle check: zrepl backup_to_purple Replication active
[21:04:36] Idle check: zrepl backup_to_purple Replication active
[21:05:07] Idle check: zrepl backup_to_purple Replication active
[21:05:38] Idle check: zrepl backup_to_purple Replication active
[21:06:09] Idle check: zrepl backup_to_purple Replication active
[21:06:39] Idle check: zrepl backup_to_purple Replication active
[21:07:10] Idle check: zrepl backup_to_purple Replication active
[21:07:41] Idle check: zrepl backup_to_purple Replication active
[21:08:12] Idle check: zrepl backup_to_purple Replication active
[21:08:43] Idle check: zrepl backup_to_purple Replication active
[21:09:13] Idle check: zrepl backup_to_purple Replication active
[21:09:44] Idle check: zrepl backup_to_purple Replication active
[21:10:15] Idle check: zrepl backup_to_purple Replication active
[21:10:46] Idle check: zrepl backup_to_purple Replication active
[21:11:17] Idle check: zrepl backup_to_purple Replication active
[21:11:47] Idle check: zrepl backup_to_purple Replication active
[21:12:18] Idle check: zrepl backup_to_purple Replication active
[21:12:49] Idle check: zrepl backup_to_purple Replication active
[21:13:20] Idle check: zrepl backup_to_purple Replication active
[21:13:51] Idle check: zrepl backup_to_purple Replication active
[21:14:21] Idle check: zrepl backup_to_purple Replication active
[21:14:52] Idle check: zrepl backup_to_purple Replication active
[21:15:23] Idle check: zrepl backup_to_purple Replication active
[21:15:54] Idle check: zrepl backup_to_purple Replication active
[21:16:25] Idle check: zrepl backup_to_purple Replication active
[21:16:56] Idle check: zrepl backup_to_purple Replication active
[21:17:26] Idle check: zrepl backup_to_purple Replication active
[21:17:57] Idle check: zrepl backup_to_purple Replication active
[21:18:28] Idle check: zrepl backup_to_purple Replication active
[21:18:59] Idle check: zrepl backup_to_purple Replication active
[21:19:30] Idle check: zrepl backup_to_purple Replication active
[21:20:01] Idle check: zrepl backup_to_purple Replication active
[21:20:31] Idle check: zrepl backup_to_purple Replication active
[21:21:02] Idle check: zrepl backup_to_purple Replication active
[21:21:33] Idle check: zrepl backup_to_purple Replication active
[21:22:04] Idle check: zrepl backup_to_purple Replication active
[21:22:35] Idle check: zrepl backup_to_purple Replication active
[21:23:05] Idle check: zrepl backup_to_purple Replication active
[21:23:36] Idle check: zrepl backup_to_purple Replication active
[21:24:07] Idle check: zrepl backup_to_purple Replication active
[21:24:38] Idle check: zrepl backup_to_purple Replication active
[21:25:09] Idle check: zrepl backup_to_purple Replication active
[21:25:40] Idle check: zrepl backup_to_purple Replication active
[21:26:10] Idle check: zrepl backup_to_purple Replication active
[21:26:41] Idle check: zrepl backup_to_purple Replication active
[21:27:12] Idle check: zrepl backup_to_purple Replication active
[21:27:43] Idle check: zrepl backup_to_purple Replication active
[21:28:14] Idle check: zrepl backup_to_purple Replication active
[21:28:44] Idle check: zrepl backup_to_purple Replication active
[21:29:15] Idle check: zrepl backup_to_purple Replication active
[21:29:46] Idle check: zrepl backup_to_purple Replication active
[21:30:17] Idle check: zrepl backup_to_purple Replication active
[21:30:48] Idle check: zrepl backup_to_purple Replication active
[21:31:18] Idle check: zrepl backup_to_purple Replication active
[21:31:49] Idle check: zrepl backup_to_purple Replication active
[21:32:20] Idle check: zrepl backup_to_purple Replication active
[21:32:51] Idle check: zrepl backup_to_purple Replication active
[21:33:21] Idle check: zrepl backup_to_purple Replication active
[21:33:52] Idle check: zrepl backup_to_purple Replication active
[21:34:23] Idle check: zrepl backup_to_purple Replication active
[21:34:54] Idle check: zrepl backup_to_purple Replication active
[21:35:25] Idle check: zrepl backup_to_purple Replication active
[21:35:56] Idle check: zrepl backup_to_purple Replication active
[21:36:26] Idle check: zrepl backup_to_purple Replication active
[21:36:57] Idle check: zrepl backup_to_purple Replication active
[21:37:28] Idle check: zrepl backup_to_purple Replication active
[21:37:59] Idle check: zrepl backup_to_purple Replication active
[21:38:30] Idle check: zrepl backup_to_purple Replication active
[21:39:00] Idle check: zrepl backup_to_purple Replication active
[21:39:31] Idle check: zrepl backup_to_purple Replication active
[21:40:02] Idle check: zrepl backup_to_purple Replication active
